scenario,ts,container,cpu_millicores,working_set_mi,mem_current_mi,nr_throttled,throttled_usec
heavy,1785522372.524,tf-thingsflow-alarm-materializer-7d5bcbb5c8-knksg/alarm-materializer,1.54,5.94,5.94,0,0
heavy,1785522372.524,tf-thingsflow-demo-simulator-c47695b89-zfbcg/simulator,2.84,26.49,40.54,51,2354931
heavy,1785522372.524,tf-thingsflow-flow-core-5c45f94d67-vnh5x/flow-core,8.5,12.27,12.27,27,4415444
heavy,1785522372.524,tf-thingsflow-greptimedb-0/greptimedb,22.49,75.62,86.69,0,0
heavy,1785522372.524,tf-thingsflow-http-ingest-57f54c4699-knfkq/bento,43.86,89.49,89.49,1669,312084641
heavy,1785522372.524,tf-thingsflow-http-ingest-57f54c4699-knfkq/envoy,50.47,27.86,27.86,3,309852
heavy,1785522372.524,tf-thingsflow-nats-0/nats,20.73,45.05,70.41,0,0
heavy,1785522372.524,tf-thingsflow-nats-alarms-7ddcdb7f98-z72js/bento,16.94,56.15,56.15,9,728434
heavy,1785522372.524,tf-thingsflow-nats-entity-greptimedb-7ddb8c66c-qc5qv/bento,0.37,35.39,35.39,10,2888231
heavy,1785522372.524,tf-thingsflow-nats-greptimedb-794885cd9f-m74nj/bento,11.79,52.61,52.61,7,1800218
heavy,1785522372.524,tf-thingsflow-nats-latest-kv-7689d8df49-zqrvd/bento,35.21,62.35,62.35,28,3490620
heavy,1785522372.524,tf-thingsflow-postgres-0/postgres,13.63,65.3,140.22,0,0
heavy,1785522372.524,tf-thingsflow-rmqtt-edge-656f4d47f8-lsk5j/rmqtt,1.19,5.32,5.32,0,0
heavy,1785522372.524,tf-thingsflow-thingsboard-ui-b674c86db-qlrb9/thingsboard-ui,0.09,18.95,18.95,0,0
heavy,1785522377.53,tf-thingsflow-alarm-materializer-7d5bcbb5c8-knksg/alarm-materializer,1.29,5.94,5.94,0,0
heavy,1785522377.53,tf-thingsflow-demo-simulator-c47695b89-zfbcg/simulator,2.46,26.51,40.56,51,2354931
heavy,1785522377.53,tf-thingsflow-flow-core-5c45f94d67-vnh5x/flow-core,60.31,12.98,12.98,27,4415444
heavy,1785522377.53,tf-thingsflow-greptimedb-0/greptimedb,29.48,74.96,86.13,0,0
heavy,1785522377.53,tf-thingsflow-http-ingest-57f54c4699-knfkq/bento,488.52,128.71,128.71,1719,351129931
heavy,1785522377.53,tf-thingsflow-http-ingest-57f54c4699-knfkq/envoy,380.44,53.07,53.07,32,23489987
heavy,1785522377.53,tf-thingsflow-nats-0/nats,140.35,46.89,73.41,0,0
heavy,1785522377.53,tf-thingsflow-nats-alarms-7ddcdb7f98-z72js/bento,82.61,56.18,56.18,10,1464678
heavy,1785522377.53,tf-thingsflow-nats-entity-greptimedb-7ddb8c66c-qc5qv/bento,0.48,35.39,35.39,10,2888231
heavy,1785522377.53,tf-thingsflow-nats-greptimedb-794885cd9f-m74nj/bento,106.38,54.65,54.65,8,2350227
heavy,1785522377.53,tf-thingsflow-nats-latest-kv-7689d8df49-zqrvd/bento,234.34,62.38,62.38,32,3970636
heavy,1785522377.53,tf-thingsflow-postgres-0/postgres,8.24,65.3,140.22,0,0
heavy,1785522377.53,tf-thingsflow-rmqtt-edge-656f4d47f8-lsk5j/rmqtt,1.06,5.32,5.32,0,0
heavy,1785522377.53,tf-thingsflow-thingsboard-ui-b674c86db-qlrb9/thingsboard-ui,0.13,18.95,18.95,0,0
heavy,1785522382.534,tf-thingsflow-alarm-materializer-7d5bcbb5c8-knksg/alarm-materializer,1.75,6.05,6.05,0,0
heavy,1785522382.534,tf-thingsflow-demo-simulator-c47695b89-zfbcg/simulator,2.65,26.5,40.55,51,2354931
heavy,1785522382.534,tf-thingsflow-flow-core-5c45f94d67-vnh5x/flow-core,66.0,12.63,12.63,27,4415444
heavy,1785522382.534,tf-thingsflow-greptimedb-0/greptimedb,14.02,75.06,86.33,0,0
heavy,1785522382.534,tf-thingsflow-http-ingest-57f54c4699-knfkq/bento,496.32,177.15,177.15,1769,396704354
heavy,1785522382.534,tf-thingsflow-http-ingest-57f54c4699-knfkq/envoy,311.28,53.39,53.39,42,27384209
heavy,1785522382.534,tf-thingsflow-nats-0/nats,174.16,51.73,76.6,1,38423
heavy,1785522382.534,tf-thingsflow-nats-alarms-7ddcdb7f98-z72js/bento,102.93,56.18,56.18,10,1464678
heavy,1785522382.534,tf-thingsflow-nats-entity-greptimedb-7ddb8c66c-qc5qv/bento,0.59,35.39,35.39,10,2888231
heavy,1785522382.534,tf-thingsflow-nats-greptimedb-794885cd9f-m74nj/bento,126.56,51.3,51.3,8,2350227
heavy,1785522382.534,tf-thingsflow-nats-latest-kv-7689d8df49-zqrvd/bento,251.06,62.65,62.65,33,4109238
heavy,1785522382.534,tf-thingsflow-postgres-0/postgres,15.39,65.31,140.22,0,0
heavy,1785522382.534,tf-thingsflow-rmqtt-edge-656f4d47f8-lsk5j/rmqtt,1.08,5.32,5.32,0,0
heavy,1785522382.534,tf-thingsflow-thingsboard-ui-b674c86db-qlrb9/thingsboard-ui,0.16,18.95,18.95,0,0
heavy,1785522387.539,tf-thingsflow-alarm-materializer-7d5bcbb5c8-knksg/alarm-materializer,1.52,6.05,6.05,0,0
heavy,1785522387.539,tf-thingsflow-demo-simulator-c47695b89-zfbcg/simulator,2.82,26.49,40.54,51,2354931
heavy,1785522387.539,tf-thingsflow-flow-core-5c45f94d67-vnh5x/flow-core,74.5,12.68,12.68,27,4415444
heavy,1785522387.539,tf-thingsflow-greptimedb-0/greptimedb,38.27,77.07,88.47,0,0
heavy,1785522387.539,tf-thingsflow-http-ingest-57f54c4699-knfkq/bento,496.89,212.76,212.76,1819,437083899
heavy,1785522387.539,tf-thingsflow-http-ingest-57f54c4699-knfkq/envoy,343.2,53.84,53.84,64,40230165
heavy,1785522387.539,tf-thingsflow-nats-0/nats,187.04,42.35,68.62,1,38423
heavy,1785522387.539,tf-thingsflow-nats-alarms-7ddcdb7f98-z72js/bento,116.85,55.88,55.88,10,1487313
heavy,1785522387.539,tf-thingsflow-nats-entity-greptimedb-7ddb8c66c-qc5qv/bento,0.47,35.39,35.39,10,2888231
heavy,1785522387.539,tf-thingsflow-nats-greptimedb-794885cd9f-m74nj/bento,128.43,52.07,52.07,8,2350227
heavy,1785522387.539,tf-thingsflow-nats-latest-kv-7689d8df49-zqrvd/bento,286.94,62.95,62.95,37,4761559
heavy,1785522387.539,tf-thingsflow-postgres-0/postgres,12.56,65.3,140.22,0,0
heavy,1785522387.539,tf-thingsflow-rmqtt-edge-656f4d47f8-lsk5j/rmqtt,1.09,5.32,5.32,0,0
heavy,1785522387.539,tf-thingsflow-thingsboard-ui-b674c86db-qlrb9/thingsboard-ui,0.14,18.95,18.95,0,0
heavy,1785522392.541,tf-thingsflow-alarm-materializer-7d5bcbb5c8-knksg/alarm-materializer,1.09,6.05,6.05,0,0
heavy,1785522392.541,tf-thingsflow-demo-simulator-c47695b89-zfbcg/simulator,2.2,26.49,40.54,51,2354931
heavy,1785522392.541,tf-thingsflow-flow-core-5c45f94d67-vnh5x/flow-core,73.53,12.64,12.64,27,4415444
heavy,1785522392.541,tf-thingsflow-greptimedb-0/greptimedb,14.83,77.86,89.41,0,0
heavy,1785522392.541,tf-thingsflow-http-ingest-57f54c4699-knfkq/bento,500.12,181.19,181.19,1869,478119758
heavy,1785522392.541,tf-thingsflow-http-ingest-57f54c4699-knfkq/envoy,307.34,54.23,54.23,70,43029708
heavy,1785522392.541,tf-thingsflow-nats-0/nats,192.86,42.09,69.93,1,38423
heavy,1785522392.541,tf-thingsflow-nats-alarms-7ddcdb7f98-z72js/bento,102.28,55.88,55.88,10,1487313
heavy,1785522392.541,tf-thingsflow-nats-entity-greptimedb-7ddb8c66c-qc5qv/bento,0.45,35.39,35.39,10,2888231
heavy,1785522392.541,tf-thingsflow-nats-greptimedb-794885cd9f-m74nj/bento,133.34,51.55,51.55,8,2350227
heavy,1785522392.541,tf-thingsflow-nats-latest-kv-7689d8df49-zqrvd/bento,290.52,62.96,62.96,39,5788105
heavy,1785522392.541,tf-thingsflow-postgres-0/postgres,10.04,65.31,140.23,0,0
heavy,1785522392.541,tf-thingsflow-rmqtt-edge-656f4d47f8-lsk5j/rmqtt,0.91,5.32,5.32,0,0
heavy,1785522392.541,tf-thingsflow-thingsboard-ui-b674c86db-qlrb9/thingsboard-ui,0.14,18.95,18.95,0,0
heavy,1785522397.545,tf-thingsflow-alarm-materializer-7d5bcbb5c8-knksg/alarm-materializer,1.28,6.05,6.05,0,0
heavy,1785522397.545,tf-thingsflow-demo-simulator-c47695b89-zfbcg/simulator,2.91,26.5,40.55,51,2354931
heavy,1785522397.545,tf-thingsflow-flow-core-5c45f94d67-vnh5x/flow-core,66.82,12.67,12.67,27,4415444
heavy,1785522397.545,tf-thingsflow-greptimedb-0/greptimedb,15.09,76.75,88.42,0,0
heavy,1785522397.545,tf-thingsflow-http-ingest-57f54c4699-knfkq/bento,491.81,162.61,162.61,1919,523088663
heavy,1785522397.545,tf-thingsflow-http-ingest-57f54c4699-knfkq/envoy,312.15,53.61,53.61,84,50236190
heavy,1785522397.545,tf-thingsflow-nats-0/nats,172.85,53.14,78.52,2,108475
heavy,1785522397.545,tf-thingsflow-nats-alarms-7ddcdb7f98-z72js/bento,110.75,55.93,55.93,11,1639830
heavy,1785522397.545,tf-thingsflow-nats-entity-greptimedb-7ddb8c66c-qc5qv/bento,0.57,35.39,35.39,10,2888231
heavy,1785522397.545,tf-thingsflow-nats-greptimedb-794885cd9f-m74nj/bento,123.97,52.7,52.7,8,2350227
heavy,1785522397.545,tf-thingsflow-nats-latest-kv-7689d8df49-zqrvd/bento,264.57,59.53,59.53,43,6161124
heavy,1785522397.545,tf-thingsflow-postgres-0/postgres,8.61,65.31,140.23,0,0
heavy,1785522397.545,tf-thingsflow-rmqtt-edge-656f4d47f8-lsk5j/rmqtt,1.25,5.3,5.3,0,0
heavy,1785522397.545,tf-thingsflow-thingsboard-ui-b674c86db-qlrb9/thingsboard-ui,0.17,18.95,18.95,0,0
heavy,1785522402.55,tf-thingsflow-alarm-materializer-7d5bcbb5c8-knksg/alarm-materializer,1.37,6.05,6.05,0,0
heavy,1785522402.55,tf-thingsflow-demo-simulator-c47695b89-zfbcg/simulator,2.86,26.5,40.55,51,2354931
heavy,1785522402.55,tf-thingsflow-flow-core-5c45f94d67-vnh5x/flow-core,64.93,12.6,12.6,27,4415444
heavy,1785522402.55,tf-thingsflow-greptimedb-0/greptimedb,49.33,78.0,89.78,0,0
heavy,1785522402.55,tf-thingsflow-http-ingest-57f54c4699-knfkq/bento,493.72,138.14,138.14,1969,561901004
heavy,1785522402.55,tf-thingsflow-http-ingest-57f54c4699-knfkq/envoy,326.03,53.98,53.98,99,58105570
heavy,1785522402.55,tf-thingsflow-nats-0/nats,147.8,59.95,86.21,2,108475
heavy,1785522402.55,tf-thingsflow-nats-alarms-7ddcdb7f98-z72js/bento,89.67,56.25,56.25,11,1639830
heavy,1785522402.55,tf-thingsflow-nats-entity-greptimedb-7ddb8c66c-qc5qv/bento,0.38,35.39,35.39,10,2888231
heavy,1785522402.55,tf-thingsflow-nats-greptimedb-794885cd9f-m74nj/bento,118.14,52.2,52.2,8,2350227
heavy,1785522402.55,tf-thingsflow-nats-latest-kv-7689d8df49-zqrvd/bento,263.76,61.21,61.21,45,6566884
heavy,1785522402.55,tf-thingsflow-postgres-0/postgres,16.56,65.3,140.22,0,0
heavy,1785522402.55,tf-thingsflow-rmqtt-edge-656f4d47f8-lsk5j/rmqtt,1.16,5.3,5.3,0,0
heavy,1785522402.55,tf-thingsflow-thingsboard-ui-b674c86db-qlrb9/thingsboard-ui,0.14,18.95,18.95,0,0
heavy,1785522407.553,tf-thingsflow-alarm-materializer-7d5bcbb5c8-knksg/alarm-materializer,1.7,6.05,6.05,0,0
heavy,1785522407.553,tf-thingsflow-demo-simulator-c47695b89-zfbcg/simulator,2.81,26.5,40.55,51,2354931
heavy,1785522407.553,tf-thingsflow-flow-core-5c45f94d67-vnh5x/flow-core,63.27,12.57,12.57,27,4415444
heavy,1785522407.553,tf-thingsflow-greptimedb-0/greptimedb,14.24,78.03,89.92,0,0
heavy,1785522407.553,tf-thingsflow-http-ingest-57f54c4699-knfkq/bento,494.25,190.61,190.61,2019,606947109
heavy,1785522407.553,tf-thingsflow-http-ingest-57f54c4699-knfkq/envoy,291.87,53.89,53.89,111,62296200
heavy,1785522407.553,tf-thingsflow-nats-0/nats,162.36,48.34,75.77,2,108475
heavy,1785522407.553,tf-thingsflow-nats-alarms-7ddcdb7f98-z72js/bento,93.36,56.27,56.27,11,1639830
heavy,1785522407.553,tf-thingsflow-nats-entity-greptimedb-7ddb8c66c-qc5qv/bento,0.36,35.39,35.39,10,2888231
heavy,1785522407.553,tf-thingsflow-nats-greptimedb-794885cd9f-m74nj/bento,120.38,52.23,52.23,8,2350227
heavy,1785522407.553,tf-thingsflow-nats-latest-kv-7689d8df49-zqrvd/bento,252.56,61.25,61.25,46,6698714
heavy,1785522407.553,tf-thingsflow-postgres-0/postgres,12.11,65.31,140.23,0,0
heavy,1785522407.553,tf-thingsflow-rmqtt-edge-656f4d47f8-lsk5j/rmqtt,1.07,5.31,5.31,0,0
heavy,1785522407.553,tf-thingsflow-thingsboard-ui-b674c86db-qlrb9/thingsboard-ui,0.54,18.95,18.95,0,0
heavy,1785522412.555,tf-thingsflow-alarm-materializer-7d5bcbb5c8-knksg/alarm-materializer,1.52,6.06,6.06,0,0
heavy,1785522412.555,tf-thingsflow-demo-simulator-c47695b89-zfbcg/simulator,2.92,26.49,40.54,51,2354931
heavy,1785522412.555,tf-thingsflow-flow-core-5c45f94d67-vnh5x/flow-core,73.29,12.62,12.62,27,4415444
heavy,1785522412.555,tf-thingsflow-greptimedb-0/greptimedb,23.62,79.63,91.67,0,0
heavy,1785522412.555,tf-thingsflow-http-ingest-57f54c4699-knfkq/bento,495.12,163.94,163.94,2069,648631896
heavy,1785522412.555,tf-thingsflow-http-ingest-57f54c4699-knfkq/envoy,332.76,53.84,53.84,126,72935383
heavy,1785522412.555,tf-thingsflow-nats-0/nats,183.35,46.98,76.08,3,141283
heavy,1785522412.555,tf-thingsflow-nats-alarms-7ddcdb7f98-z72js/bento,105.86,55.53,55.53,12,1807361
heavy,1785522412.555,tf-thingsflow-nats-entity-greptimedb-7ddb8c66c-qc5qv/bento,0.51,35.39,35.39,10,2888231
heavy,1785522412.555,tf-thingsflow-nats-greptimedb-794885cd9f-m74nj/bento,119.2,53.07,53.07,9,2734192
heavy,1785522412.555,tf-thingsflow-nats-latest-kv-7689d8df49-zqrvd/bento,285.89,62.41,62.41,50,7259657
heavy,1785522412.555,tf-thingsflow-postgres-0/postgres,8.11,65.3,140.22,0,0
heavy,1785522412.555,tf-thingsflow-rmqtt-edge-656f4d47f8-lsk5j/rmqtt,1.16,5.31,5.31,0,0
heavy,1785522412.555,tf-thingsflow-thingsboard-ui-b674c86db-qlrb9/thingsboard-ui,0.68,18.96,18.96,0,0
heavy,1785522417.574,tf-thingsflow-alarm-materializer-7d5bcbb5c8-knksg/alarm-materializer,1.38,6.06,6.06,0,0
heavy,1785522417.574,tf-thingsflow-demo-simulator-c47695b89-zfbcg/simulator,2.61,26.49,40.54,51,2354931
heavy,1785522417.574,tf-thingsflow-flow-core-5c45f94d67-vnh5x/flow-core,67.73,12.71,12.71,27,4415444
heavy,1785522417.574,tf-thingsflow-greptimedb-0/greptimedb,11.05,79.23,91.39,0,0
heavy,1785522417.574,tf-thingsflow-http-ingest-57f54c4699-knfkq/bento,506.27,163.46,163.46,2120,692492744
heavy,1785522417.574,tf-thingsflow-http-ingest-57f54c4699-knfkq/envoy,310.72,54.2,54.2,139,77288044
heavy,1785522417.574,tf-thingsflow-nats-0/nats,178.31,48.65,79.0,3,141283
heavy,1785522417.574,tf-thingsflow-nats-alarms-7ddcdb7f98-z72js/bento,96.82,55.54,55.54,12,1807361
heavy,1785522417.574,tf-thingsflow-nats-entity-greptimedb-7ddb8c66c-qc5qv/bento,0.33,35.39,35.39,10,2888231
heavy,1785522417.574,tf-thingsflow-nats-greptimedb-794885cd9f-m74nj/bento,115.37,51.52,51.52,9,2739639
heavy,1785522417.574,tf-thingsflow-nats-latest-kv-7689d8df49-zqrvd/bento,265.13,62.98,62.98,54,8087108
heavy,1785522417.574,tf-thingsflow-postgres-0/postgres,8.46,65.3,140.22,0,0
heavy,1785522417.574,tf-thingsflow-rmqtt-edge-656f4d47f8-lsk5j/rmqtt,1.01,5.31,5.31,0,0
heavy,1785522417.574,tf-thingsflow-thingsboard-ui-b674c86db-qlrb9/thingsboard-ui,0.15,18.96,18.96,0,0
heavy,1785522422.579,tf-thingsflow-alarm-materializer-7d5bcbb5c8-knksg/alarm-materializer,1.59,6.07,6.07,0,0
heavy,1785522422.579,tf-thingsflow-demo-simulator-c47695b89-zfbcg/simulator,3.03,26.49,40.54,51,2354931
heavy,1785522422.579,tf-thingsflow-flow-core-5c45f94d67-vnh5x/flow-core,69.89,13.12,13.12,27,4415444
heavy,1785522422.579,tf-thingsflow-greptimedb-0/greptimedb,22.06,81.02,93.29,0,0
heavy,1785522422.579,tf-thingsflow-http-ingest-57f54c4699-knfkq/bento,494.41,195.66,195.66,2170,740607274
heavy,1785522422.579,tf-thingsflow-http-ingest-57f54c4699-knfkq/envoy,308.65,54.4,54.4,149,81455262
heavy,1785522422.579,tf-thingsflow-nats-0/nats,177.53,50.27,81.86,3,141283
heavy,1785522422.579,tf-thingsflow-nats-alarms-7ddcdb7f98-z72js/bento,97.36,55.15,55.15,12,1807361
heavy,1785522422.579,tf-thingsflow-nats-entity-greptimedb-7ddb8c66c-qc5qv/bento,1.77,35.39,35.39,10,2888231
heavy,1785522422.579,tf-thingsflow-nats-greptimedb-794885cd9f-m74nj/bento,121.02,52.05,52.05,9,2739639
heavy,1785522422.579,tf-thingsflow-nats-latest-kv-7689d8df49-zqrvd/bento,266.54,61.46,61.46,57,9075724
heavy,1785522422.579,tf-thingsflow-postgres-0/postgres,12.02,65.3,140.22,0,0
heavy,1785522422.579,tf-thingsflow-rmqtt-edge-656f4d47f8-lsk5j/rmqtt,1.18,5.31,5.31,0,0
heavy,1785522422.579,tf-thingsflow-thingsboard-ui-b674c86db-qlrb9/thingsboard-ui,0.13,18.96,18.96,0,0
heavy,1785522427.583,tf-thingsflow-alarm-materializer-7d5bcbb5c8-knksg/alarm-materializer,1.36,6.09,6.09,0,0
heavy,1785522427.583,tf-thingsflow-demo-simulator-c47695b89-zfbcg/simulator,2.36,26.49,40.54,51,2354931
heavy,1785522427.583,tf-thingsflow-flow-core-5c45f94d67-vnh5x/flow-core,72.05,12.56,12.56,27,4415444
heavy,1785522427.583,tf-thingsflow-greptimedb-0/greptimedb,11.74,81.46,93.88,0,0
heavy,1785522427.583,tf-thingsflow-http-ingest-57f54c4699-knfkq/bento,488.42,122.52,122.52,2220,781401929
heavy,1785522427.583,tf-thingsflow-http-ingest-57f54c4699-knfkq/envoy,318.58,54.35,54.35,160,85810442
heavy,1785522427.583,tf-thingsflow-nats-0/nats,169.41,57.1,85.64,3,141283
heavy,1785522427.583,tf-thingsflow-nats-alarms-7ddcdb7f98-z72js/bento,98.48,56.37,56.37,12,1807361
heavy,1785522427.583,tf-thingsflow-nats-entity-greptimedb-7ddb8c66c-qc5qv/bento,0.45,35.39,35.39,10,2888231
heavy,1785522427.583,tf-thingsflow-nats-greptimedb-794885cd9f-m74nj/bento,124.91,53.36,53.36,9,2755176
heavy,1785522427.583,tf-thingsflow-nats-latest-kv-7689d8df49-zqrvd/bento,272.99,61.78,61.78,59,9342344
heavy,1785522427.583,tf-thingsflow-postgres-0/postgres,8.8,65.3,140.22,0,0
heavy,1785522427.583,tf-thingsflow-rmqtt-edge-656f4d47f8-lsk5j/rmqtt,0.95,5.31,5.31,0,0
heavy,1785522427.583,tf-thingsflow-thingsboard-ui-b674c86db-qlrb9/thingsboard-ui,0.15,18.96,18.96,0,0
heavy,1785522432.587,tf-thingsflow-alarm-materializer-7d5bcbb5c8-knksg/alarm-materializer,1.41,6.1,6.1,0,0
heavy,1785522432.587,tf-thingsflow-demo-simulator-c47695b89-zfbcg/simulator,2.58,26.49,40.54,51,2354931
heavy,1785522432.587,tf-thingsflow-flow-core-5c45f94d67-vnh5x/flow-core,66.87,12.63,12.63,27,4415444
heavy,1785522432.587,tf-thingsflow-greptimedb-0/greptimedb,13.93,82.34,94.89,0,0
heavy,1785522432.587,tf-thingsflow-http-ingest-57f54c4699-knfkq/envoy,353.18,54.33,54.33,181,98378181
heavy,1785522432.587,tf-thingsflow-nats-0/nats,164.91,54.18,84.0,4,212451
heavy,1785522432.587,tf-thingsflow-nats-alarms-7ddcdb7f98-z72js/bento,102.86,56.37,56.37,13,2125280
heavy,1785522432.587,tf-thingsflow-nats-entity-greptimedb-7ddb8c66c-qc5qv/bento,0.42,35.39,35.39,10,2888231
heavy,1785522432.587,tf-thingsflow-nats-greptimedb-794885cd9f-m74nj/bento,113.37,53.39,53.39,10,3445518
heavy,1785522432.587,tf-thingsflow-nats-latest-kv-7689d8df49-zqrvd/bento,267.12,60.18,60.18,64,10161536
heavy,1785522432.587,tf-thingsflow-postgres-0/postgres,9.97,65.3,140.22,0,0
heavy,1785522432.587,tf-thingsflow-rmqtt-edge-656f4d47f8-lsk5j/rmqtt,0.96,5.31,5.31,0,0
heavy,1785522432.587,tf-thingsflow-thingsboard-ui-b674c86db-qlrb9/thingsboard-ui,0.14,18.96,18.96,0,0
heavy,1785522437.589,tf-thingsflow-alarm-materializer-7d5bcbb5c8-knksg/alarm-materializer,1.32,6.11,6.11,0,0
heavy,1785522437.589,tf-thingsflow-demo-simulator-c47695b89-zfbcg/simulator,2.58,26.49,40.54,51,2354931
heavy,1785522437.589,tf-thingsflow-flow-core-5c45f94d67-vnh5x/flow-core,50.63,12.72,12.72,27,4415444
heavy,1785522437.589,tf-thingsflow-greptimedb-0/greptimedb,9.22,81.89,94.54,0,0
heavy,1785522437.589,tf-thingsflow-http-ingest-57f54c4699-knfkq/envoy,401.34,57.02,57.02,215,134807744
heavy,1785522437.589,tf-thingsflow-nats-0/nats,129.98,49.61,80.01,4,212451
heavy,1785522437.589,tf-thingsflow-nats-alarms-7ddcdb7f98-z72js/bento,79.52,55.71,55.71,13,2125280
heavy,1785522437.589,tf-thingsflow-nats-entity-greptimedb-7ddb8c66c-qc5qv/bento,4.49,35.46,35.46,10,2888231
heavy,1785522437.589,tf-thingsflow-nats-greptimedb-794885cd9f-m74nj/bento,86.9,54.59,54.59,10,3445518
heavy,1785522437.589,tf-thingsflow-nats-latest-kv-7689d8df49-zqrvd/bento,183.28,61.32,61.32,64,10161536
heavy,1785522437.589,tf-thingsflow-postgres-0/postgres,9.24,65.31,140.22,0,0
heavy,1785522437.589,tf-thingsflow-rmqtt-edge-656f4d47f8-lsk5j/rmqtt,0.91,5.31,5.31,0,0
heavy,1785522437.589,tf-thingsflow-thingsboard-ui-b674c86db-qlrb9/thingsboard-ui,0.1,18.96,18.96,0,0
heavy,1785522442.594,tf-thingsflow-alarm-materializer-7d5bcbb5c8-knksg/alarm-materializer,1.39,6.11,6.11,0,0
heavy,1785522442.594,tf-thingsflow-demo-simulator-c47695b89-zfbcg/simulator,2.78,26.49,40.54,51,2354931
heavy,1785522442.594,tf-thingsflow-flow-core-5c45f94d67-vnh5x/flow-core,71.25,12.65,12.65,27,4415444
heavy,1785522442.594,tf-thingsflow-greptimedb-0/greptimedb,14.11,83.37,96.14,0,0
heavy,1785522442.594,tf-thingsflow-http-ingest-57f54c4699-knfkq/envoy,331.66,57.13,57.13,231,141045710
heavy,1785522442.594,tf-thingsflow-nats-0/nats,178.93,49.7,81.41,6,280677
heavy,1785522442.594,tf-thingsflow-nats-alarms-7ddcdb7f98-z72js/bento,99.33,55.85,55.85,13,2125280
heavy,1785522442.594,tf-thingsflow-nats-entity-greptimedb-7ddb8c66c-qc5qv/bento,0.56,35.46,35.46,10,2888231
heavy,1785522442.594,tf-thingsflow-nats-greptimedb-794885cd9f-m74nj/bento,128.94,53.82,53.82,10,3445518
heavy,1785522442.594,tf-thingsflow-nats-latest-kv-7689d8df49-zqrvd/bento,273.01,62.0,62.0,65,10257203
heavy,1785522442.594,tf-thingsflow-postgres-0/postgres,11.24,65.31,140.22,0,0
heavy,1785522442.594,tf-thingsflow-rmqtt-edge-656f4d47f8-lsk5j/rmqtt,1.06,5.31,5.31,0,0
heavy,1785522442.594,tf-thingsflow-thingsboard-ui-b674c86db-qlrb9/thingsboard-ui,0.13,18.96,18.96,0,0
heavy,1785522447.598,tf-thingsflow-alarm-materializer-7d5bcbb5c8-knksg/alarm-materializer,1.21,6.11,6.11,0,0
heavy,1785522447.598,tf-thingsflow-demo-simulator-c47695b89-zfbcg/simulator,2.41,26.49,40.54,51,2354931
heavy,1785522447.598,tf-thingsflow-flow-core-5c45f94d67-vnh5x/flow-core,75.7,12.55,12.55,27,4415444
heavy,1785522447.598,tf-thingsflow-greptimedb-0/greptimedb,30.93,75.18,88.09,0,0
heavy,1785522447.598,tf-thingsflow-http-ingest-57f54c4699-knfkq/envoy,360.54,57.9,57.9,246,148450298
heavy,1785522447.598,tf-thingsflow-nats-0/nats,189.7,53.9,87.22,7,312854
heavy,1785522447.598,tf-thingsflow-nats-alarms-7ddcdb7f98-z72js/bento,106.14,55.89,55.89,13,2125280
heavy,1785522447.598,tf-thingsflow-nats-entity-greptimedb-7ddb8c66c-qc5qv/bento,0.29,35.46,35.46,10,2888231
heavy,1785522447.598,tf-thingsflow-nats-greptimedb-794885cd9f-m74nj/bento,135.64,54.57,54.57,10,3445518
heavy,1785522447.598,tf-thingsflow-nats-latest-kv-7689d8df49-zqrvd/bento,297.47,60.79,60.79,67,10478290
heavy,1785522447.598,tf-thingsflow-postgres-0/postgres,9.53,65.3,140.22,0,0
heavy,1785522447.598,tf-thingsflow-rmqtt-edge-656f4d47f8-lsk5j/rmqtt,0.96,5.31,5.31,0,0
heavy,1785522447.598,tf-thingsflow-thingsboard-ui-b674c86db-qlrb9/thingsboard-ui,0.13,18.96,18.96,0,0
heavy,1785522452.601,tf-thingsflow-alarm-materializer-7d5bcbb5c8-knksg/alarm-materializer,1.49,6.11,6.11,0,0
heavy,1785522452.601,tf-thingsflow-demo-simulator-c47695b89-zfbcg/simulator,2.64,26.49,40.54,51,2354931
heavy,1785522452.601,tf-thingsflow-flow-core-5c45f94d67-vnh5x/flow-core,77.86,12.41,12.41,27,4415444
heavy,1785522452.601,tf-thingsflow-greptimedb-0/greptimedb,16.3,70.19,83.26,0,0
heavy,1785522452.601,tf-thingsflow-http-ingest-57f54c4699-knfkq/envoy,360.5,57.07,57.07,265,158360087
heavy,1785522452.601,tf-thingsflow-nats-0/nats,181.59,66.38,97.59,7,312854
heavy,1785522452.601,tf-thingsflow-nats-alarms-7ddcdb7f98-z72js/bento,107.7,55.88,55.88,14,2226667
heavy,1785522452.601,tf-thingsflow-nats-entity-greptimedb-7ddb8c66c-qc5qv/bento,0.46,35.46,35.46,10,2888231
heavy,1785522452.601,tf-thingsflow-nats-greptimedb-794885cd9f-m74nj/bento,144.48,51.89,51.89,10,3455532
heavy,1785522452.601,tf-thingsflow-nats-latest-kv-7689d8df49-zqrvd/bento,309.15,61.68,61.68,71,11170072
heavy,1785522452.601,tf-thingsflow-postgres-0/postgres,9.44,65.3,140.22,0,0
heavy,1785522452.601,tf-thingsflow-rmqtt-edge-656f4d47f8-lsk5j/rmqtt,1.03,5.31,5.31,0,0
heavy,1785522452.601,tf-thingsflow-thingsboard-ui-b674c86db-qlrb9/thingsboard-ui,0.14,18.96,18.96,0,0
heavy,1785522457.604,tf-thingsflow-alarm-materializer-7d5bcbb5c8-knksg/alarm-materializer,1.24,6.14,6.14,0,0
heavy,1785522457.604,tf-thingsflow-demo-simulator-c47695b89-zfbcg/simulator,3.21,26.49,40.54,51,2354931
heavy,1785522457.604,tf-thingsflow-flow-core-5c45f94d67-vnh5x/flow-core,66.33,12.55,12.55,27,4415444
heavy,1785522457.604,tf-thingsflow-greptimedb-0/greptimedb,13.11,65.74,78.94,0,0
heavy,1785522457.604,tf-thingsflow-http-ingest-57f54c4699-knfkq/envoy,316.0,56.97,56.97,277,164674823
heavy,1785522457.604,tf-thingsflow-nats-0/nats,172.03,57.38,89.96,7,312854
heavy,1785522457.604,tf-thingsflow-nats-alarms-7ddcdb7f98-z72js/bento,108.27,56.19,56.19,14,2231790
heavy,1785522457.604,tf-thingsflow-nats-entity-greptimedb-7ddb8c66c-qc5qv/bento,0.55,35.46,35.46,10,2888231
heavy,1785522457.604,tf-thingsflow-nats-greptimedb-794885cd9f-m74nj/bento,121.63,54.3,54.3,10,3455532
heavy,1785522457.604,tf-thingsflow-nats-latest-kv-7689d8df49-zqrvd/bento,256.37,63.23,63.23,71,11170072
heavy,1785522457.604,tf-thingsflow-postgres-0/postgres,11.14,65.31,140.22,0,0
heavy,1785522457.604,tf-thingsflow-rmqtt-edge-656f4d47f8-lsk5j/rmqtt,1.01,5.3,5.3,0,0
heavy,1785522457.604,tf-thingsflow-thingsboard-ui-b674c86db-qlrb9/thingsboard-ui,0.14,18.96,18.96,0,0
heavy,1785522462.606,tf-thingsflow-alarm-materializer-7d5bcbb5c8-knksg/alarm-materializer,1.39,6.14,6.14,0,0
heavy,1785522462.606,tf-thingsflow-demo-simulator-c47695b89-zfbcg/simulator,2.98,26.49,40.54,51,2354931
heavy,1785522462.606,tf-thingsflow-flow-core-5c45f94d67-vnh5x/flow-core,73.36,12.63,12.63,27,4415444
heavy,1785522462.606,tf-thingsflow-greptimedb-0/greptimedb,33.28,68.12,81.47,0,0
heavy,1785522462.606,tf-thingsflow-http-ingest-57f54c4699-knfkq/envoy,349.7,57.13,57.13,293,172810605
heavy,1785522462.606,tf-thingsflow-nats-0/nats,187.71,59.89,93.64,7,312854
heavy,1785522462.606,tf-thingsflow-nats-alarms-7ddcdb7f98-z72js/bento,104.04,56.22,56.22,15,2689248
heavy,1785522462.606,tf-thingsflow-nats-entity-greptimedb-7ddb8c66c-qc5qv/bento,0.46,35.46,35.46,10,2888231
heavy,1785522462.606,tf-thingsflow-nats-greptimedb-794885cd9f-m74nj/bento,140.12,52.61,52.61,12,4421774
heavy,1785522462.606,tf-thingsflow-nats-latest-kv-7689d8df49-zqrvd/bento,284.29,61.28,61.28,75,12006414
heavy,1785522462.606,tf-thingsflow-postgres-0/postgres,12.0,65.31,140.22,0,0
heavy,1785522462.606,tf-thingsflow-rmqtt-edge-656f4d47f8-lsk5j/rmqtt,1.15,5.3,5.3,0,0
heavy,1785522462.606,tf-thingsflow-thingsboard-ui-b674c86db-qlrb9/thingsboard-ui,0.13,18.96,18.96,0,0
heavy,1785522467.61,tf-thingsflow-alarm-materializer-7d5bcbb5c8-knksg/alarm-materializer,1.75,6.14,6.14,0,0
heavy,1785522467.61,tf-thingsflow-demo-simulator-c47695b89-zfbcg/simulator,2.88,26.49,40.54,51,2354931
heavy,1785522467.61,tf-thingsflow-flow-core-5c45f94d67-vnh5x/flow-core,78.74,12.65,12.65,27,4415444
heavy,1785522467.61,tf-thingsflow-greptimedb-0/greptimedb,17.68,68.87,82.36,0,0
heavy,1785522467.61,tf-thingsflow-http-ingest-57f54c4699-knfkq/envoy,372.64,57.45,57.45,316,185290152
heavy,1785522467.61,tf-thingsflow-nats-0/nats,197.06,69.42,104.75,8,377429
heavy,1785522467.61,tf-thingsflow-nats-alarms-7ddcdb7f98-z72js/bento,105.78,55.12,55.12,16,3413179
heavy,1785522467.61,tf-thingsflow-nats-entity-greptimedb-7ddb8c66c-qc5qv/bento,0.4,35.46,35.46,10,2888231
heavy,1785522467.61,tf-thingsflow-nats-greptimedb-794885cd9f-m74nj/bento,130.27,51.2,51.2,12,4421774
heavy,1785522467.61,tf-thingsflow-nats-latest-kv-7689d8df49-zqrvd/bento,300.91,61.49,61.49,81,13220001
heavy,1785522467.61,tf-thingsflow-postgres-0/postgres,9.87,65.3,140.22,0,0
heavy,1785522467.61,tf-thingsflow-rmqtt-edge-656f4d47f8-lsk5j/rmqtt,1.16,5.31,5.31,0,0
heavy,1785522467.61,tf-thingsflow-thingsboard-ui-b674c86db-qlrb9/thingsboard-ui,0.15,18.96,18.96,0,0
heavy,1785522472.613,tf-thingsflow-alarm-materializer-7d5bcbb5c8-knksg/alarm-materializer,1.16,6.16,6.16,0,0
heavy,1785522472.613,tf-thingsflow-demo-simulator-c47695b89-zfbcg/simulator,2.32,26.49,40.54,51,2354931
heavy,1785522472.613,tf-thingsflow-flow-core-5c45f94d67-vnh5x/flow-core,74.27,12.62,12.62,27,4415444
heavy,1785522472.613,tf-thingsflow-greptimedb-0/greptimedb,26.28,70.22,83.89,0,0
heavy,1785522472.613,tf-thingsflow-http-ingest-57f54c4699-knfkq/envoy,357.92,57.7,57.7,335,194750452
heavy,1785522472.613,tf-thingsflow-nats-0/nats,175.78,70.86,104.27,10,436119
heavy,1785522472.613,tf-thingsflow-nats-alarms-7ddcdb7f98-z72js/bento,96.4,55.21,55.21,16,3413179
heavy,1785522472.613,tf-thingsflow-nats-entity-greptimedb-7ddb8c66c-qc5qv/bento,0.52,35.46,35.46,10,2888231
heavy,1785522472.613,tf-thingsflow-nats-greptimedb-794885cd9f-m74nj/bento,117.88,56.66,56.66,13,4705729
heavy,1785522472.613,tf-thingsflow-nats-latest-kv-7689d8df49-zqrvd/bento,281.24,61.51,61.51,83,13294843
heavy,1785522472.613,tf-thingsflow-postgres-0/postgres,9.9,65.31,140.23,0,0
heavy,1785522472.613,tf-thingsflow-rmqtt-edge-656f4d47f8-lsk5j/rmqtt,0.92,5.31,5.31,0,0
heavy,1785522472.613,tf-thingsflow-thingsboard-ui-b674c86db-qlrb9/thingsboard-ui,0.14,18.96,18.96,0,0
heavy,1785522477.617,tf-thingsflow-alarm-materializer-7d5bcbb5c8-knksg/alarm-materializer,1.33,6.16,6.16,0,0
heavy,1785522477.617,tf-thingsflow-demo-simulator-c47695b89-zfbcg/simulator,2.85,26.49,40.54,51,2354931
heavy,1785522477.617,tf-thingsflow-flow-core-5c45f94d67-vnh5x/flow-core,67.88,12.69,12.69,27,4415444
heavy,1785522477.617,tf-thingsflow-greptimedb-0/greptimedb,13.49,69.96,83.74,0,0
heavy,1785522477.617,tf-thingsflow-http-ingest-57f54c4699-knfkq/envoy,300.4,57.55,57.55,348,199782872
heavy,1785522477.617,tf-thingsflow-nats-0/nats,176.1,59.78,94.44,10,436119
heavy,1785522477.617,tf-thingsflow-nats-alarms-7ddcdb7f98-z72js/bento,90.32,55.96,55.96,16,3413179
heavy,1785522477.617,tf-thingsflow-nats-entity-greptimedb-7ddb8c66c-qc5qv/bento,0.49,35.46,35.46,10,2888231
heavy,1785522477.617,tf-thingsflow-nats-greptimedb-794885cd9f-m74nj/bento,120.5,52.65,52.65,13,4705729
heavy,1785522477.617,tf-thingsflow-nats-latest-kv-7689d8df49-zqrvd/bento,268.73,61.61,61.61,83,13294843
heavy,1785522477.617,tf-thingsflow-postgres-0/postgres,13.58,65.31,140.22,0,0
heavy,1785522477.617,tf-thingsflow-rmqtt-edge-656f4d47f8-lsk5j/rmqtt,1.08,5.31,5.31,0,0
heavy,1785522477.617,tf-thingsflow-thingsboard-ui-b674c86db-qlrb9/thingsboard-ui,0.1,18.96,18.96,0,0
heavy,1785522482.618,tf-thingsflow-alarm-materializer-7d5bcbb5c8-knksg/alarm-materializer,2.1,6.18,6.18,0,0
heavy,1785522482.618,tf-thingsflow-demo-simulator-c47695b89-zfbcg/simulator,2.93,26.49,40.54,51,2354931
heavy,1785522482.618,tf-thingsflow-flow-core-5c45f94d67-vnh5x/flow-core,73.79,12.68,12.68,27,4415444
heavy,1785522482.618,tf-thingsflow-greptimedb-0/greptimedb,33.92,71.59,85.51,0,0
heavy,1785522482.618,tf-thingsflow-http-ingest-57f54c4699-knfkq/envoy,347.17,57.38,57.38,368,208931336
heavy,1785522482.618,tf-thingsflow-nats-0/nats,191.09,62.15,97.9,11,480874
heavy,1785522482.618,tf-thingsflow-nats-alarms-7ddcdb7f98-z72js/bento,107.23,56.64,56.64,16,3418636
heavy,1785522482.618,tf-thingsflow-nats-entity-greptimedb-7ddb8c66c-qc5qv/bento,1.74,35.48,35.48,10,2888231
heavy,1785522482.618,tf-thingsflow-nats-greptimedb-794885cd9f-m74nj/bento,128.39,53.39,53.39,13,4716869
heavy,1785522482.618,tf-thingsflow-nats-latest-kv-7689d8df49-zqrvd/bento,287.85,63.14,63.14,85,13432278
heavy,1785522482.618,tf-thingsflow-postgres-0/postgres,13.8,65.75,140.66,0,0
heavy,1785522482.618,tf-thingsflow-rmqtt-edge-656f4d47f8-lsk5j/rmqtt,1.08,5.31,5.31,0,0
heavy,1785522482.618,tf-thingsflow-thingsboard-ui-b674c86db-qlrb9/thingsboard-ui,0.14,18.96,18.96,0,0
heavy,1785522487.622,tf-thingsflow-alarm-materializer-7d5bcbb5c8-knksg/alarm-materializer,1.75,6.19,6.19,0,0
heavy,1785522487.622,tf-thingsflow-demo-simulator-c47695b89-zfbcg/simulator,3.01,26.49,40.54,51,2354931
heavy,1785522487.622,tf-thingsflow-flow-core-5c45f94d67-vnh5x/flow-core,63.86,12.65,12.65,27,4415444
heavy,1785522487.622,tf-thingsflow-greptimedb-0/greptimedb,12.45,71.34,85.38,0,0
heavy,1785522487.622,tf-thingsflow-http-ingest-57f54c4699-knfkq/envoy,309.77,57.87,57.87,382,213346175
heavy,1785522487.622,tf-thingsflow-nats-0/nats,162.76,64.24,101.25,12,522173
heavy,1785522487.622,tf-thingsflow-nats-alarms-7ddcdb7f98-z72js/bento,94.78,55.77,55.77,16,3418636
heavy,1785522487.622,tf-thingsflow-nats-entity-greptimedb-7ddb8c66c-qc5qv/bento,0.4,35.48,35.48,10,2888231
heavy,1785522487.622,tf-thingsflow-nats-greptimedb-794885cd9f-m74nj/bento,111.33,54.33,54.33,14,4875450
heavy,1785522487.622,tf-thingsflow-nats-latest-kv-7689d8df49-zqrvd/bento,242.94,58.88,58.88,85,13432278
heavy,1785522487.622,tf-thingsflow-postgres-0/postgres,10.63,65.8,140.71,0,0
heavy,1785522487.622,tf-thingsflow-rmqtt-edge-656f4d47f8-lsk5j/rmqtt,1.07,5.31,5.31,0,0
heavy,1785522487.622,tf-thingsflow-thingsboard-ui-b674c86db-qlrb9/thingsboard-ui,0.16,18.96,18.96,0,0
heavy,1785522492.625,tf-thingsflow-alarm-materializer-7d5bcbb5c8-knksg/alarm-materializer,1.16,6.21,6.21,0,0
heavy,1785522492.625,tf-thingsflow-demo-simulator-c47695b89-zfbcg/simulator,2.35,26.49,40.54,51,2354931
heavy,1785522492.625,tf-thingsflow-flow-core-5c45f94d67-vnh5x/flow-core,83.57,12.71,12.71,27,4415444
heavy,1785522492.625,tf-thingsflow-greptimedb-0/greptimedb,16.36,67.79,82.02,0,0
heavy,1785522492.625,tf-thingsflow-http-ingest-57f54c4699-knfkq/envoy,355.97,57.87,57.87,396,220111917
heavy,1785522492.625,tf-thingsflow-nats-0/nats,215.29,69.08,108.08,14,577776
heavy,1785522492.625,tf-thingsflow-nats-alarms-7ddcdb7f98-z72js/bento,115.92,55.85,55.85,16,3418636
heavy,1785522492.625,tf-thingsflow-nats-entity-greptimedb-7ddb8c66c-qc5qv/bento,0.29,35.49,35.49,10,2888231
heavy,1785522492.625,tf-thingsflow-nats-greptimedb-794885cd9f-m74nj/bento,141.64,51.32,51.32,14,4875450
heavy,1785522492.625,tf-thingsflow-nats-latest-kv-7689d8df49-zqrvd/bento,332.77,61.27,61.27,87,13617091
heavy,1785522492.625,tf-thingsflow-postgres-0/postgres,9.06,65.8,140.71,0,0
heavy,1785522492.625,tf-thingsflow-rmqtt-edge-656f4d47f8-lsk5j/rmqtt,0.87,5.31,5.31,0,0
heavy,1785522492.625,tf-thingsflow-thingsboard-ui-b674c86db-qlrb9/thingsboard-ui,2.42,18.96,18.96,0,0
heavy,1785522497.628,tf-thingsflow-alarm-materializer-7d5bcbb5c8-knksg/alarm-materializer,1.55,6.23,6.23,0,0
heavy,1785522497.628,tf-thingsflow-demo-simulator-c47695b89-zfbcg/simulator,2.89,26.49,40.54,51,2354931
heavy,1785522497.628,tf-thingsflow-flow-core-5c45f94d67-vnh5x/flow-core,60.56,12.66,12.66,27,4415444
heavy,1785522497.628,tf-thingsflow-greptimedb-0/greptimedb,34.63,67.69,82.04,0,0
heavy,1785522497.628,tf-thingsflow-http-ingest-57f54c4699-knfkq/envoy,321.08,57.23,57.23,411,225360842
heavy,1785522497.628,tf-thingsflow-nats-0/nats,151.15,70.17,106.42,14,577776
heavy,1785522497.628,tf-thingsflow-nats-alarms-7ddcdb7f98-z72js/bento,90.85,56.15,56.15,16,3418636
heavy,1785522497.628,tf-thingsflow-nats-entity-greptimedb-7ddb8c66c-qc5qv/bento,0.4,35.49,35.49,10,2888231
heavy,1785522497.628,tf-thingsflow-nats-greptimedb-794885cd9f-m74nj/bento,99.27,52.78,52.78,14,4875450
heavy,1785522497.628,tf-thingsflow-nats-latest-kv-7689d8df49-zqrvd/bento,237.83,61.85,61.85,91,14195297
heavy,1785522497.628,tf-thingsflow-postgres-0/postgres,8.41,65.8,140.72,0,0
heavy,1785522497.628,tf-thingsflow-rmqtt-edge-656f4d47f8-lsk5j/rmqtt,0.98,5.31,5.31,0,0
heavy,1785522497.628,tf-thingsflow-thingsboard-ui-b674c86db-qlrb9/thingsboard-ui,0.16,18.97,18.97,0,0
heavy,1785522502.631,tf-thingsflow-alarm-materializer-7d5bcbb5c8-knksg/alarm-materializer,2.34,6.14,6.14,0,0
heavy,1785522502.631,tf-thingsflow-demo-simulator-c47695b89-zfbcg/simulator,2.85,26.49,40.54,51,2354931
heavy,1785522502.631,tf-thingsflow-flow-core-5c45f94d67-vnh5x/flow-core,1.72,12.65,12.65,27,4415444
heavy,1785522502.631,tf-thingsflow-greptimedb-0/greptimedb,1.97,67.7,82.05,0,0
heavy,1785522502.631,tf-thingsflow-http-ingest-57f54c4699-knfkq/envoy,506.27,58.65,58.65,461,289672314
heavy,1785522502.631,tf-thingsflow-nats-0/nats,8.78,70.17,106.46,14,577776
heavy,1785522502.631,tf-thingsflow-nats-alarms-7ddcdb7f98-z72js/bento,3.31,56.16,56.16,16,3418636
heavy,1785522502.631,tf-thingsflow-nats-entity-greptimedb-7ddb8c66c-qc5qv/bento,0.65,35.48,35.48,10,2888231
heavy,1785522502.631,tf-thingsflow-nats-greptimedb-794885cd9f-m74nj/bento,4.02,52.79,52.79,14,4875450
heavy,1785522502.631,tf-thingsflow-nats-latest-kv-7689d8df49-zqrvd/bento,7.17,61.85,61.85,91,14195297
heavy,1785522502.631,tf-thingsflow-postgres-0/postgres,12.95,65.82,140.74,0,0
heavy,1785522502.631,tf-thingsflow-rmqtt-edge-656f4d47f8-lsk5j/rmqtt,1.06,5.31,5.31,0,0
heavy,1785522502.631,tf-thingsflow-thingsboard-ui-b674c86db-qlrb9/thingsboard-ui,0.09,18.97,18.97,0,0
heavy,1785522507.633,tf-thingsflow-alarm-materializer-7d5bcbb5c8-knksg/alarm-materializer,1.78,6.14,6.14,0,0
heavy,1785522507.633,tf-thingsflow-demo-simulator-c47695b89-zfbcg/simulator,2.83,26.49,40.54,51,2354931
heavy,1785522507.633,tf-thingsflow-flow-core-5c45f94d67-vnh5x/flow-core,1.56,12.65,12.65,27,4415444
heavy,1785522507.633,tf-thingsflow-greptimedb-0/greptimedb,2.19,67.7,82.07,0,0
heavy,1785522507.633,tf-thingsflow-http-ingest-57f54c4699-knfkq/envoy,500.66,59.61,59.61,511,355894423
heavy,1785522507.633,tf-thingsflow-nats-0/nats,8.58,70.17,106.5,14,577776
heavy,1785522507.633,tf-thingsflow-nats-alarms-7ddcdb7f98-z72js/bento,3.36,56.16,56.16,16,3418636
heavy,1785522507.633,tf-thingsflow-nats-entity-greptimedb-7ddb8c66c-qc5qv/bento,0.44,35.48,35.48,10,2888231
heavy,1785522507.633,tf-thingsflow-nats-greptimedb-794885cd9f-m74nj/bento,3.77,52.79,52.79,14,4875450
heavy,1785522507.633,tf-thingsflow-nats-latest-kv-7689d8df49-zqrvd/bento,6.92,61.85,61.85,91,14195297
heavy,1785522507.633,tf-thingsflow-postgres-0/postgres,13.58,65.83,140.74,0,0
heavy,1785522507.633,tf-thingsflow-rmqtt-edge-656f4d47f8-lsk5j/rmqtt,1.11,5.31,5.31,0,0
heavy,1785522507.633,tf-thingsflow-thingsboard-ui-b674c86db-qlrb9/thingsboard-ui,0.13,18.97,18.97,0,0
heavy,1785522512.637,tf-thingsflow-alarm-materializer-7d5bcbb5c8-knksg/alarm-materializer,1.26,6.14,6.14,0,0
heavy,1785522512.637,tf-thingsflow-demo-simulator-c47695b89-zfbcg/simulator,2.8,26.49,40.54,51,2354931
heavy,1785522512.637,tf-thingsflow-flow-core-5c45f94d67-vnh5x/flow-core,1.32,12.65,12.65,27,4415444
heavy,1785522512.637,tf-thingsflow-greptimedb-0/greptimedb,1.58,67.7,82.08,0,0
heavy,1785522512.637,tf-thingsflow-http-ingest-57f54c4699-knfkq/envoy,501.2,59.98,59.98,561,419753940
heavy,1785522512.637,tf-thingsflow-nats-0/nats,8.28,70.18,106.54,14,577776
heavy,1785522512.637,tf-thingsflow-nats-alarms-7ddcdb7f98-z72js/bento,3.05,56.16,56.16,16,3418636
heavy,1785522512.637,tf-thingsflow-nats-entity-greptimedb-7ddb8c66c-qc5qv/bento,0.49,35.48,35.48,10,2888231
heavy,1785522512.637,tf-thingsflow-nats-greptimedb-794885cd9f-m74nj/bento,3.39,52.79,52.79,14,4875450
heavy,1785522512.637,tf-thingsflow-nats-latest-kv-7689d8df49-zqrvd/bento,6.65,61.85,61.85,91,14195297
heavy,1785522512.637,tf-thingsflow-postgres-0/postgres,8.54,65.83,140.74,0,0
heavy,1785522512.637,tf-thingsflow-rmqtt-edge-656f4d47f8-lsk5j/rmqtt,1.04,5.31,5.31,0,0
heavy,1785522512.637,tf-thingsflow-thingsboard-ui-b674c86db-qlrb9/thingsboard-ui,0.13,18.97,18.97,0,0
heavy,1785522517.64,tf-thingsflow-alarm-materializer-7d5bcbb5c8-knksg/alarm-materializer,1.57,6.14,6.14,0,0
heavy,1785522517.64,tf-thingsflow-demo-simulator-c47695b89-zfbcg/simulator,3.73,26.49,40.54,51,2354931
heavy,1785522517.64,tf-thingsflow-flow-core-5c45f94d67-vnh5x/flow-core,46.52,12.41,12.41,27,4415444
heavy,1785522517.64,tf-thingsflow-greptimedb-0/greptimedb,10.69,66.67,81.13,0,0
heavy,1785522517.64,tf-thingsflow-http-ingest-57f54c4699-knfkq/envoy,405.49,60.59,60.59,593,456967498
heavy,1785522517.64,tf-thingsflow-nats-0/nats,118.48,75.55,112.75,14,577776
heavy,1785522517.64,tf-thingsflow-nats-alarms-7ddcdb7f98-z72js/bento,63.6,56.23,56.23,16,3418636
heavy,1785522517.64,tf-thingsflow-nats-entity-greptimedb-7ddb8c66c-qc5qv/bento,0.48,35.49,35.49,10,2888231
heavy,1785522517.64,tf-thingsflow-nats-greptimedb-794885cd9f-m74nj/bento,80.77,53.02,53.02,14,4875450
heavy,1785522517.64,tf-thingsflow-nats-latest-kv-7689d8df49-zqrvd/bento,173.83,62.94,62.94,92,14315761
heavy,1785522517.64,tf-thingsflow-postgres-0/postgres,9.67,65.84,140.75,0,0
heavy,1785522517.64,tf-thingsflow-rmqtt-edge-656f4d47f8-lsk5j/rmqtt,1.44,5.3,5.3,0,0
heavy,1785522517.64,tf-thingsflow-thingsboard-ui-b674c86db-qlrb9/thingsboard-ui,0.15,18.97,18.97,0,0
heavy,1785522522.643,tf-thingsflow-alarm-materializer-7d5bcbb5c8-knksg/alarm-materializer,1.62,6.14,6.14,0,0
heavy,1785522522.643,tf-thingsflow-demo-simulator-c47695b89-zfbcg/simulator,3.15,26.49,40.54,51,2354931
heavy,1785522522.643,tf-thingsflow-flow-core-5c45f94d67-vnh5x/flow-core,77.87,12.63,12.63,27,4415444
heavy,1785522522.643,tf-thingsflow-greptimedb-0/greptimedb,25.42,69.4,84.01,0,0
heavy,1785522522.643,tf-thingsflow-http-ingest-57f54c4699-knfkq/envoy,360.86,60.79,60.79,611,463749668
heavy,1785522522.643,tf-thingsflow-nats-0/nats,200.15,70.66,109.41,15,615008
heavy,1785522522.643,tf-thingsflow-nats-alarms-7ddcdb7f98-z72js/bento,102.77,56.24,56.24,16,3418636
heavy,1785522522.643,tf-thingsflow-nats-entity-greptimedb-7ddb8c66c-qc5qv/bento,0.46,35.49,35.49,10,2888231
heavy,1785522522.643,tf-thingsflow-nats-greptimedb-794885cd9f-m74nj/bento,143.25,53.05,53.05,14,4875450
heavy,1785522522.643,tf-thingsflow-nats-latest-kv-7689d8df49-zqrvd/bento,292.39,62.99,62.99,94,14667248
heavy,1785522522.643,tf-thingsflow-postgres-0/postgres,14.32,65.83,140.75,0,0
heavy,1785522522.643,tf-thingsflow-rmqtt-edge-656f4d47f8-lsk5j/rmqtt,1.25,5.3,5.3,0,0
heavy,1785522522.643,tf-thingsflow-thingsboard-ui-b674c86db-qlrb9/thingsboard-ui,0.11,18.97,18.97,0,0
heavy,1785522527.646,tf-thingsflow-alarm-materializer-7d5bcbb5c8-knksg/alarm-materializer,1.53,6.14,6.14,0,0
heavy,1785522527.646,tf-thingsflow-demo-simulator-c47695b89-zfbcg/simulator,3.02,26.49,40.54,51,2354931
heavy,1785522527.646,tf-thingsflow-flow-core-5c45f94d67-vnh5x/flow-core,74.49,12.66,12.66,27,4415444
heavy,1785522527.646,tf-thingsflow-greptimedb-0/greptimedb,32.4,79.0,93.75,0,0
heavy,1785522527.646,tf-thingsflow-http-ingest-57f54c4699-knfkq/envoy,336.52,60.89,60.89,628,469919283
heavy,1785522527.646,tf-thingsflow-nats-0/nats,185.73,58.03,98.2,16,652774
heavy,1785522527.646,tf-thingsflow-nats-alarms-7ddcdb7f98-z72js/bento,107.55,56.25,56.25,16,3418636
heavy,1785522527.646,tf-thingsflow-nats-entity-greptimedb-7ddb8c66c-qc5qv/bento,0.37,35.49,35.49,10,2888231
heavy,1785522527.646,tf-thingsflow-nats-greptimedb-794885cd9f-m74nj/bento,139.93,52.78,52.78,14,4892025
heavy,1785522527.646,tf-thingsflow-nats-latest-kv-7689d8df49-zqrvd/bento,282.33,63.43,63.43,97,15108017
heavy,1785522527.646,tf-thingsflow-postgres-0/postgres,9.3,65.83,140.74,0,0
heavy,1785522527.646,tf-thingsflow-rmqtt-edge-656f4d47f8-lsk5j/rmqtt,1.03,5.31,5.31,0,0
heavy,1785522527.646,tf-thingsflow-thingsboard-ui-b674c86db-qlrb9/thingsboard-ui,0.13,18.97,18.97,0,0
heavy,1785522532.648,tf-thingsflow-alarm-materializer-7d5bcbb5c8-knksg/alarm-materializer,1.45,6.14,6.14,0,0
heavy,1785522532.648,tf-thingsflow-demo-simulator-c47695b89-zfbcg/simulator,2.79,26.49,40.54,51,2354931
heavy,1785522532.648,tf-thingsflow-flow-core-5c45f94d67-vnh5x/flow-core,73.34,12.68,12.68,27,4415444
heavy,1785522532.648,tf-thingsflow-greptimedb-0/greptimedb,21.26,73.25,88.16,0,0
heavy,1785522532.648,tf-thingsflow-http-ingest-57f54c4699-knfkq/envoy,319.17,60.74,60.74,638,474735971
heavy,1785522532.648,tf-thingsflow-nats-0/nats,188.95,61.07,99.12,16,652774
heavy,1785522532.648,tf-thingsflow-nats-alarms-7ddcdb7f98-z72js/bento,106.34,55.33,55.33,16,3418636
heavy,1785522532.648,tf-thingsflow-nats-entity-greptimedb-7ddb8c66c-qc5qv/bento,0.44,35.49,35.49,10,2888231
heavy,1785522532.648,tf-thingsflow-nats-greptimedb-794885cd9f-m74nj/bento,123.86,52.45,52.45,14,4892025
heavy,1785522532.648,tf-thingsflow-nats-latest-kv-7689d8df49-zqrvd/bento,275.3,62.46,62.46,98,15240311
heavy,1785522532.648,tf-thingsflow-postgres-0/postgres,10.07,65.84,140.75,0,0
heavy,1785522532.648,tf-thingsflow-rmqtt-edge-656f4d47f8-lsk5j/rmqtt,1.02,5.31,5.31,0,0
heavy,1785522532.648,tf-thingsflow-thingsboard-ui-b674c86db-qlrb9/thingsboard-ui,0.13,18.97,18.97,0,0
heavy,1785522537.653,tf-thingsflow-alarm-materializer-7d5bcbb5c8-knksg/alarm-materializer,1.59,6.14,6.14,0,0
heavy,1785522537.653,tf-thingsflow-demo-simulator-c47695b89-zfbcg/simulator,2.85,26.49,40.54,51,2354931
heavy,1785522537.653,tf-thingsflow-flow-core-5c45f94d67-vnh5x/flow-core,65.89,12.7,12.7,27,4415444
heavy,1785522537.653,tf-thingsflow-greptimedb-0/greptimedb,14.67,70.08,85.09,0,0
heavy,1785522537.653,tf-thingsflow-http-ingest-57f54c4699-knfkq/envoy,312.1,60.79,60.79,652,479911720
heavy,1785522537.653,tf-thingsflow-nats-0/nats,160.18,69.32,108.63,16,652774
heavy,1785522537.653,tf-thingsflow-nats-alarms-7ddcdb7f98-z72js/bento,98.32,55.34,55.34,16,3418636
heavy,1785522537.653,tf-thingsflow-nats-entity-greptimedb-7ddb8c66c-qc5qv/bento,0.49,35.49,35.49,10,2888231
heavy,1785522537.653,tf-thingsflow-nats-greptimedb-794885cd9f-m74nj/bento,117.87,52.65,52.65,14,4892025
heavy,1785522537.653,tf-thingsflow-nats-latest-kv-7689d8df49-zqrvd/bento,260.27,62.57,62.57,98,15240311
heavy,1785522537.653,tf-thingsflow-postgres-0/postgres,9.94,65.84,140.75,0,0
heavy,1785522537.653,tf-thingsflow-rmqtt-edge-656f4d47f8-lsk5j/rmqtt,1.07,5.31,5.31,0,0
heavy,1785522537.653,tf-thingsflow-thingsboard-ui-b674c86db-qlrb9/thingsboard-ui,0.13,18.97,18.97,0,0
heavy,1785522542.657,tf-thingsflow-alarm-materializer-7d5bcbb5c8-knksg/alarm-materializer,1.44,6.14,6.14,0,0
heavy,1785522542.657,tf-thingsflow-demo-simulator-c47695b89-zfbcg/simulator,2.89,26.49,40.54,51,2354931
heavy,1785522542.657,tf-thingsflow-flow-core-5c45f94d67-vnh5x/flow-core,70.08,12.59,12.59,27,4415444
heavy,1785522542.657,tf-thingsflow-greptimedb-0/greptimedb,16.29,71.95,87.11,0,0
heavy,1785522542.657,tf-thingsflow-http-ingest-57f54c4699-knfkq/envoy,347.4,61.16,61.16,674,488955011
heavy,1785522542.657,tf-thingsflow-nats-0/nats,179.33,59.34,100.02,16,652774
heavy,1785522542.657,tf-thingsflow-nats-alarms-7ddcdb7f98-z72js/bento,109.71,55.55,55.55,16,3418636
heavy,1785522542.657,tf-thingsflow-nats-entity-greptimedb-7ddb8c66c-qc5qv/bento,1.44,35.5,35.5,10,2888231
heavy,1785522542.657,tf-thingsflow-nats-greptimedb-794885cd9f-m74nj/bento,147.36,54.32,54.32,14,4892025
heavy,1785522542.657,tf-thingsflow-nats-latest-kv-7689d8df49-zqrvd/bento,275.94,58.57,58.57,102,16033429
heavy,1785522542.657,tf-thingsflow-postgres-0/postgres,11.71,65.83,140.75,0,0
heavy,1785522542.657,tf-thingsflow-rmqtt-edge-656f4d47f8-lsk5j/rmqtt,1.12,5.31,5.31,0,0
heavy,1785522542.657,tf-thingsflow-thingsboard-ui-b674c86db-qlrb9/thingsboard-ui,0.13,18.97,18.97,0,0
heavy,1785522547.679,tf-thingsflow-alarm-materializer-7d5bcbb5c8-knksg/alarm-materializer,1.57,6.14,6.14,0,0
heavy,1785522547.679,tf-thingsflow-demo-simulator-c47695b89-zfbcg/simulator,3.0,26.49,40.54,51,2354931
heavy,1785522547.679,tf-thingsflow-flow-core-5c45f94d67-vnh5x/flow-core,36.35,12.59,12.59,27,4415444
heavy,1785522547.679,tf-thingsflow-greptimedb-0/greptimedb,17.93,73.43,88.66,0,0
heavy,1785522547.679,tf-thingsflow-http-ingest-57f54c4699-knfkq/envoy,449.97,61.3,61.3,711,530697683
heavy,1785522547.679,tf-thingsflow-nats-0/nats,92.08,58.7,99.86,16,652774
heavy,1785522547.679,tf-thingsflow-nats-alarms-7ddcdb7f98-z72js/bento,39.79,55.53,55.53,16,3418636
heavy,1785522547.679,tf-thingsflow-nats-entity-greptimedb-7ddb8c66c-qc5qv/bento,0.61,35.5,35.5,10,2888231
heavy,1785522547.679,tf-thingsflow-nats-greptimedb-794885cd9f-m74nj/bento,49.21,55.56,55.56,15,5018723
heavy,1785522547.679,tf-thingsflow-nats-latest-kv-7689d8df49-zqrvd/bento,142.35,60.81,60.81,105,16408484
heavy,1785522547.679,tf-thingsflow-postgres-0/postgres,9.38,65.83,140.74,0,0
heavy,1785522547.679,tf-thingsflow-rmqtt-edge-656f4d47f8-lsk5j/rmqtt,1.05,5.31,5.31,0,0
heavy,1785522547.679,tf-thingsflow-thingsboard-ui-b674c86db-qlrb9/thingsboard-ui,0.14,18.97,18.97,0,0
heavy,1785522552.682,tf-thingsflow-alarm-materializer-7d5bcbb5c8-knksg/alarm-materializer,1.44,6.14,6.14,0,0
heavy,1785522552.682,tf-thingsflow-demo-simulator-c47695b89-zfbcg/simulator,2.76,26.49,40.54,51,2354931
heavy,1785522552.682,tf-thingsflow-flow-core-5c45f94d67-vnh5x/flow-core,1.51,12.57,12.57,27,4415444
heavy,1785522552.682,tf-thingsflow-greptimedb-0/greptimedb,1.8,73.43,88.68,0,0
heavy,1785522552.682,tf-thingsflow-http-ingest-57f54c4699-knfkq/envoy,500.56,61.2,61.2,761,595837494
heavy,1785522552.682,tf-thingsflow-nats-0/nats,8.51,58.69,99.89,16,652774
heavy,1785522552.682,tf-thingsflow-nats-alarms-7ddcdb7f98-z72js/bento,3.56,55.52,55.52,16,3418636
heavy,1785522552.682,tf-thingsflow-nats-entity-greptimedb-7ddb8c66c-qc5qv/bento,0.57,35.5,35.5,10,2888231
heavy,1785522552.682,tf-thingsflow-nats-greptimedb-794885cd9f-m74nj/bento,4.88,55.56,55.56,15,5018723
heavy,1785522552.682,tf-thingsflow-nats-latest-kv-7689d8df49-zqrvd/bento,6.38,60.81,60.81,105,16408484
heavy,1785522552.682,tf-thingsflow-postgres-0/postgres,10.64,65.83,140.74,0,0
heavy,1785522552.682,tf-thingsflow-rmqtt-edge-656f4d47f8-lsk5j/rmqtt,1.04,5.31,5.31,0,0
heavy,1785522552.682,tf-thingsflow-thingsboard-ui-b674c86db-qlrb9/thingsboard-ui,0.08,18.97,18.97,0,0
heavy,1785522557.688,tf-thingsflow-alarm-materializer-7d5bcbb5c8-knksg/alarm-materializer,1.36,6.14,6.14,0,0
heavy,1785522557.688,tf-thingsflow-demo-simulator-c47695b89-zfbcg/simulator,2.88,26.49,40.54,51,2354931
heavy,1785522557.688,tf-thingsflow-flow-core-5c45f94d67-vnh5x/flow-core,1.3,12.61,12.61,27,4415444
heavy,1785522557.688,tf-thingsflow-greptimedb-0/greptimedb,1.78,73.43,88.68,0,0
heavy,1785522557.688,tf-thingsflow-http-ingest-57f54c4699-knfkq/envoy,498.38,61.22,61.22,811,662839337
heavy,1785522557.688,tf-thingsflow-nats-0/nats,7.99,58.7,99.93,16,652774
heavy,1785522557.688,tf-thingsflow-nats-alarms-7ddcdb7f98-z72js/bento,3.12,55.52,55.52,16,3418636
heavy,1785522557.688,tf-thingsflow-nats-entity-greptimedb-7ddb8c66c-qc5qv/bento,4.1,35.5,35.5,10,2888231
heavy,1785522557.688,tf-thingsflow-nats-greptimedb-794885cd9f-m74nj/bento,4.27,55.56,55.56,15,5018723
heavy,1785522557.688,tf-thingsflow-nats-latest-kv-7689d8df49-zqrvd/bento,5.98,60.8,60.8,105,16408484
heavy,1785522557.688,tf-thingsflow-postgres-0/postgres,11.04,65.83,140.74,0,0
heavy,1785522557.688,tf-thingsflow-rmqtt-edge-656f4d47f8-lsk5j/rmqtt,1.02,5.31,5.31,0,0
heavy,1785522557.688,tf-thingsflow-thingsboard-ui-b674c86db-qlrb9/thingsboard-ui,0.12,18.97,18.97,0,0
heavy,1785522562.69,tf-thingsflow-alarm-materializer-7d5bcbb5c8-knksg/alarm-materializer,1.44,6.14,6.14,0,0
heavy,1785522562.69,tf-thingsflow-demo-simulator-c47695b89-zfbcg/simulator,2.97,26.49,40.54,51,2354931
heavy,1785522562.69,tf-thingsflow-flow-core-5c45f94d67-vnh5x/flow-core,1.84,12.62,12.62,27,4415444
heavy,1785522562.69,tf-thingsflow-greptimedb-0/greptimedb,1.6,71.55,86.82,0,0
heavy,1785522562.69,tf-thingsflow-http-ingest-57f54c4699-knfkq/envoy,499.51,61.36,61.36,861,732357415
heavy,1785522562.69,tf-thingsflow-nats-0/nats,8.33,58.69,99.96,16,652774
heavy,1785522562.69,tf-thingsflow-nats-alarms-7ddcdb7f98-z72js/bento,3.65,55.52,55.52,16,3418636
heavy,1785522562.69,tf-thingsflow-nats-entity-greptimedb-7ddb8c66c-qc5qv/bento,0.68,35.5,35.5,10,2888231
heavy,1785522562.69,tf-thingsflow-nats-greptimedb-794885cd9f-m74nj/bento,4.54,55.56,55.56,15,5018723
heavy,1785522562.69,tf-thingsflow-nats-latest-kv-7689d8df49-zqrvd/bento,18.59,61.14,61.14,105,16446643
heavy,1785522562.69,tf-thingsflow-postgres-0/postgres,15.42,65.84,140.75,0,0
heavy,1785522562.69,tf-thingsflow-rmqtt-edge-656f4d47f8-lsk5j/rmqtt,1.1,5.31,5.31,0,0
heavy,1785522562.69,tf-thingsflow-thingsboard-ui-b674c86db-qlrb9/thingsboard-ui,0.13,18.97,18.97,0,0
heavy,1785522567.693,tf-thingsflow-alarm-materializer-7d5bcbb5c8-knksg/alarm-materializer,1.68,6.15,6.15,0,0
heavy,1785522567.693,tf-thingsflow-demo-simulator-c47695b89-zfbcg/simulator,2.96,26.49,40.54,51,2354931
heavy,1785522567.693,tf-thingsflow-flow-core-5c45f94d67-vnh5x/flow-core,1.68,12.64,12.64,27,4415444
heavy,1785522567.693,tf-thingsflow-greptimedb-0/greptimedb,1.75,70.31,85.59,0,0
heavy,1785522567.693,tf-thingsflow-http-ingest-57f54c4699-knfkq/envoy,499.61,61.26,61.26,911,801472740
heavy,1785522567.693,tf-thingsflow-nats-0/nats,10.3,56.77,98.08,16,652774
heavy,1785522567.693,tf-thingsflow-nats-alarms-7ddcdb7f98-z72js/bento,3.44,55.52,55.52,16,3418636
heavy,1785522567.693,tf-thingsflow-nats-entity-greptimedb-7ddb8c66c-qc5qv/bento,0.41,35.5,35.5,10,2888231
heavy,1785522567.693,tf-thingsflow-nats-greptimedb-794885cd9f-m74nj/bento,4.09,55.57,55.57,15,5018723
heavy,1785522567.693,tf-thingsflow-nats-latest-kv-7689d8df49-zqrvd/bento,7.44,61.14,61.14,105,16446643
heavy,1785522567.693,tf-thingsflow-postgres-0/postgres,9.86,65.83,140.74,0,0
heavy,1785522567.693,tf-thingsflow-rmqtt-edge-656f4d47f8-lsk5j/rmqtt,1.23,5.31,5.31,0,0
heavy,1785522567.693,tf-thingsflow-thingsboard-ui-b674c86db-qlrb9/thingsboard-ui,0.13,18.97,18.97,0,0
heavy,1785522572.698,tf-thingsflow-alarm-materializer-7d5bcbb5c8-knksg/alarm-materializer,1.39,6.15,6.15,0,0
heavy,1785522572.698,tf-thingsflow-demo-simulator-c47695b89-zfbcg/simulator,2.76,26.49,40.54,51,2354931
heavy,1785522572.698,tf-thingsflow-flow-core-5c45f94d67-vnh5x/flow-core,2.42,12.48,12.48,27,4415444
heavy,1785522572.698,tf-thingsflow-greptimedb-0/greptimedb,1.68,70.33,85.62,0,0
heavy,1785522572.698,tf-thingsflow-http-ingest-57f54c4699-knfkq/envoy,497.75,61.15,61.15,961,868481031
heavy,1785522572.698,tf-thingsflow-nats-0/nats,7.59,56.77,98.11,16,652774
heavy,1785522572.698,tf-thingsflow-nats-alarms-7ddcdb7f98-z72js/bento,3.38,55.53,55.53,16,3418636
heavy,1785522572.698,tf-thingsflow-nats-entity-greptimedb-7ddb8c66c-qc5qv/bento,0.49,35.5,35.5,10,2888231
heavy,1785522572.698,tf-thingsflow-nats-greptimedb-794885cd9f-m74nj/bento,4.01,55.56,55.56,15,5018723
heavy,1785522572.698,tf-thingsflow-nats-latest-kv-7689d8df49-zqrvd/bento,6.49,61.14,61.14,105,16446643
heavy,1785522572.698,tf-thingsflow-postgres-0/postgres,13.5,65.83,140.74,0,0
heavy,1785522572.698,tf-thingsflow-rmqtt-edge-656f4d47f8-lsk5j/rmqtt,1.06,5.31,5.31,0,0
heavy,1785522572.698,tf-thingsflow-thingsboard-ui-b674c86db-qlrb9/thingsboard-ui,0.13,18.97,18.97,0,0
heavy,1785522577.702,tf-thingsflow-alarm-materializer-7d5bcbb5c8-knksg/alarm-materializer,1.36,6.15,6.15,0,0
heavy,1785522577.702,tf-thingsflow-demo-simulator-c47695b89-zfbcg/simulator,3.29,26.49,40.54,51,2354931
heavy,1785522577.702,tf-thingsflow-flow-core-5c45f94d67-vnh5x/flow-core,8.31,12.47,12.47,27,4415444
heavy,1785522577.702,tf-thingsflow-greptimedb-0/greptimedb,2.55,70.79,86.09,0,0
heavy,1785522577.702,tf-thingsflow-http-ingest-57f54c4699-knfkq/envoy,500.7,62.88,62.88,1011,933685874
heavy,1785522577.702,tf-thingsflow-nats-0/nats,27.9,56.82,98.34,16,652774
heavy,1785522577.702,tf-thingsflow-nats-alarms-7ddcdb7f98-z72js/bento,13.14,55.54,55.54,16,3418636
heavy,1785522577.702,tf-thingsflow-nats-entity-greptimedb-7ddb8c66c-qc5qv/bento,0.61,35.5,35.5,10,2888231
heavy,1785522577.702,tf-thingsflow-nats-greptimedb-794885cd9f-m74nj/bento,19.63,54.8,54.8,15,5018723
heavy,1785522577.702,tf-thingsflow-nats-latest-kv-7689d8df49-zqrvd/bento,34.2,61.15,61.15,105,16446643
heavy,1785522577.702,tf-thingsflow-postgres-0/postgres,9.91,65.84,140.75,0,0
heavy,1785522577.702,tf-thingsflow-rmqtt-edge-656f4d47f8-lsk5j/rmqtt,1.32,5.3,5.3,0,0
heavy,1785522577.702,tf-thingsflow-thingsboard-ui-b674c86db-qlrb9/thingsboard-ui,0.16,18.97,18.97,0,0
heavy,1785522582.707,tf-thingsflow-alarm-materializer-7d5bcbb5c8-knksg/alarm-materializer,1.53,6.15,6.15,0,0
heavy,1785522582.707,tf-thingsflow-demo-simulator-c47695b89-zfbcg/simulator,3.3,26.49,40.54,51,2354931
heavy,1785522582.707,tf-thingsflow-flow-core-5c45f94d67-vnh5x/flow-core,62.86,12.75,12.75,27,4415444
heavy,1785522582.707,tf-thingsflow-greptimedb-0/greptimedb,17.58,73.56,88.98,0,0
heavy,1785522582.707,tf-thingsflow-http-ingest-57f54c4699-knfkq/envoy,343.57,61.77,61.77,1032,953729258
heavy,1785522582.707,tf-thingsflow-nats-0/nats,156.18,60.12,102.76,16,652774
heavy,1785522582.707,tf-thingsflow-nats-alarms-7ddcdb7f98-z72js/bento,89.3,57.04,57.04,17,3498722
heavy,1785522582.707,tf-thingsflow-nats-entity-greptimedb-7ddb8c66c-qc5qv/bento,0.4,35.5,35.5,10,2888231
heavy,1785522582.707,tf-thingsflow-nats-greptimedb-794885cd9f-m74nj/bento,111.03,54.07,54.07,16,5520334
heavy,1785522582.707,tf-thingsflow-nats-latest-kv-7689d8df49-zqrvd/bento,244.09,61.54,61.54,110,17298411
heavy,1785522582.707,tf-thingsflow-postgres-0/postgres,12.88,65.83,140.75,0,0
heavy,1785522582.707,tf-thingsflow-rmqtt-edge-656f4d47f8-lsk5j/rmqtt,1.12,5.3,5.3,0,0
heavy,1785522582.707,tf-thingsflow-thingsboard-ui-b674c86db-qlrb9/thingsboard-ui,0.13,18.97,18.97,0,0
heavy,1785522587.71,tf-thingsflow-alarm-materializer-7d5bcbb5c8-knksg/alarm-materializer,1.32,6.15,6.15,0,0
heavy,1785522587.71,tf-thingsflow-demo-simulator-c47695b89-zfbcg/simulator,2.8,26.49,40.54,51,2354931
heavy,1785522587.71,tf-thingsflow-flow-core-5c45f94d67-vnh5x/flow-core,70.14,12.64,12.64,27,4415444
heavy,1785522587.71,tf-thingsflow-greptimedb-0/greptimedb,13.97,74.2,89.74,0,0
heavy,1785522587.71,tf-thingsflow-http-ingest-57f54c4699-knfkq/envoy,316.22,61.3,61.3,1052,963278596
heavy,1785522587.71,tf-thingsflow-nats-0/nats,176.14,68.96,112.86,16,652774
heavy,1785522587.71,tf-thingsflow-nats-alarms-7ddcdb7f98-z72js/bento,107.56,55.64,55.64,17,3498722
heavy,1785522587.71,tf-thingsflow-nats-entity-greptimedb-7ddb8c66c-qc5qv/bento,0.39,35.5,35.5,10,2888231
heavy,1785522587.71,tf-thingsflow-nats-greptimedb-794885cd9f-m74nj/bento,120.32,51.8,51.8,16,5520334
heavy,1785522587.71,tf-thingsflow-nats-latest-kv-7689d8df49-zqrvd/bento,276.57,62.53,62.53,114,17827697
heavy,1785522587.71,tf-thingsflow-postgres-0/postgres,11.94,63.73,138.65,0,0
heavy,1785522587.71,tf-thingsflow-rmqtt-edge-656f4d47f8-lsk5j/rmqtt,0.81,5.31,5.31,0,0
heavy,1785522587.71,tf-thingsflow-thingsboard-ui-b674c86db-qlrb9/thingsboard-ui,0.13,18.97,18.97,0,0
heavy,1785522592.714,tf-thingsflow-alarm-materializer-7d5bcbb5c8-knksg/alarm-materializer,1.29,6.15,6.15,0,0
heavy,1785522592.714,tf-thingsflow-demo-simulator-c47695b89-zfbcg/simulator,2.88,26.49,40.54,51,2354931
heavy,1785522592.714,tf-thingsflow-flow-core-5c45f94d67-vnh5x/flow-core,65.82,12.48,12.48,27,4415444
heavy,1785522592.714,tf-thingsflow-greptimedb-0/greptimedb,13.45,73.85,89.5,0,0
heavy,1785522592.714,tf-thingsflow-http-ingest-57f54c4699-knfkq/envoy,317.32,61.09,61.09,1063,966922691
heavy,1785522592.714,tf-thingsflow-nats-0/nats,167.69,71.45,112.82,16,652774
heavy,1785522592.714,tf-thingsflow-nats-alarms-7ddcdb7f98-z72js/bento,110.93,55.7,55.7,17,3498722
heavy,1785522592.714,tf-thingsflow-nats-entity-greptimedb-7ddb8c66c-qc5qv/bento,0.61,35.5,35.5,10,2888231
heavy,1785522592.714,tf-thingsflow-nats-greptimedb-794885cd9f-m74nj/bento,124.75,52.94,52.94,16,5520334
heavy,1785522592.714,tf-thingsflow-nats-latest-kv-7689d8df49-zqrvd/bento,263.87,63.0,63.0,114,17827697
heavy,1785522592.714,tf-thingsflow-postgres-0/postgres,10.39,65.14,140.05,0,0
heavy,1785522592.714,tf-thingsflow-rmqtt-edge-656f4d47f8-lsk5j/rmqtt,0.88,5.31,5.31,0,0
heavy,1785522592.714,tf-thingsflow-thingsboard-ui-b674c86db-qlrb9/thingsboard-ui,0.13,18.97,18.97,0,0
heavy,1785522597.72,tf-thingsflow-alarm-materializer-7d5bcbb5c8-knksg/alarm-materializer,1.26,6.15,6.15,0,0
heavy,1785522597.72,tf-thingsflow-demo-simulator-c47695b89-zfbcg/simulator,2.43,26.49,40.54,51,2354931
heavy,1785522597.72,tf-thingsflow-flow-core-5c45f94d67-vnh5x/flow-core,67.64,12.71,12.71,27,4415444
heavy,1785522597.72,tf-thingsflow-greptimedb-0/greptimedb,29.73,76.43,92.25,0,0
heavy,1785522597.72,tf-thingsflow-http-ingest-57f54c4699-knfkq/envoy,369.82,61.06,61.06,1084,978275188
heavy,1785522597.72,tf-thingsflow-nats-0/nats,170.09,77.83,120.63,16,652774
heavy,1785522597.72,tf-thingsflow-nats-alarms-7ddcdb7f98-z72js/bento,85.41,56.25,56.25,17,3498722
heavy,1785522597.72,tf-thingsflow-nats-entity-greptimedb-7ddb8c66c-qc5qv/bento,0.47,35.5,35.5,10,2888231
heavy,1785522597.72,tf-thingsflow-nats-greptimedb-794885cd9f-m74nj/bento,121.37,54.3,54.3,16,5526166
heavy,1785522597.72,tf-thingsflow-nats-latest-kv-7689d8df49-zqrvd/bento,254.39,62.98,62.98,114,17827697
heavy,1785522597.72,tf-thingsflow-postgres-0/postgres,12.03,65.13,140.05,0,0
heavy,1785522597.72,tf-thingsflow-rmqtt-edge-656f4d47f8-lsk5j/rmqtt,0.82,5.31,5.31,0,0
heavy,1785522597.72,tf-thingsflow-thingsboard-ui-b674c86db-qlrb9/thingsboard-ui,0.08,18.97,18.97,0,0
heavy,1785522602.724,tf-thingsflow-alarm-materializer-7d5bcbb5c8-knksg/alarm-materializer,1.35,6.15,6.15,0,0
heavy,1785522602.724,tf-thingsflow-demo-simulator-c47695b89-zfbcg/simulator,2.94,26.49,40.54,51,2354931
heavy,1785522602.724,tf-thingsflow-flow-core-5c45f94d67-vnh5x/flow-core,1.67,12.7,12.7,27,4415444
heavy,1785522602.724,tf-thingsflow-greptimedb-0/greptimedb,22.11,75.19,91.03,0,0
heavy,1785522602.724,tf-thingsflow-http-ingest-57f54c4699-knfkq/envoy,495.83,61.17,61.17,1134,1047687675
heavy,1785522602.724,tf-thingsflow-nats-0/nats,9.14,77.86,120.69,16,652774
heavy,1785522602.724,tf-thingsflow-nats-alarms-7ddcdb7f98-z72js/bento,3.46,56.25,56.25,17,3498722
heavy,1785522602.724,tf-thingsflow-nats-entity-greptimedb-7ddb8c66c-qc5qv/bento,2.17,35.57,35.57,10,2888231
heavy,1785522602.724,tf-thingsflow-nats-greptimedb-794885cd9f-m74nj/bento,4.24,54.3,54.3,16,5526166
heavy,1785522602.724,tf-thingsflow-nats-latest-kv-7689d8df49-zqrvd/bento,7.14,62.97,62.97,114,17827697
heavy,1785522602.724,tf-thingsflow-postgres-0/postgres,14.13,65.79,140.7,0,0
heavy,1785522602.724,tf-thingsflow-rmqtt-edge-656f4d47f8-lsk5j/rmqtt,1.07,5.31,5.31,0,0
heavy,1785522602.724,tf-thingsflow-thingsboard-ui-b674c86db-qlrb9/thingsboard-ui,0.13,18.97,18.97,0,0
heavy,1785522607.73,tf-thingsflow-alarm-materializer-7d5bcbb5c8-knksg/alarm-materializer,1.41,6.15,6.15,0,0
heavy,1785522607.73,tf-thingsflow-demo-simulator-c47695b89-zfbcg/simulator,3.16,26.49,40.54,51,2354931
heavy,1785522607.73,tf-thingsflow-flow-core-5c45f94d67-vnh5x/flow-core,1.39,12.71,12.71,27,4415444
heavy,1785522607.73,tf-thingsflow-greptimedb-0/greptimedb,1.66,75.2,91.05,0,0
heavy,1785522607.73,tf-thingsflow-http-ingest-57f54c4699-knfkq/envoy,501.24,61.62,61.62,1184,1116497343
heavy,1785522607.73,tf-thingsflow-nats-0/nats,9.2,77.87,120.74,16,652774
heavy,1785522607.73,tf-thingsflow-nats-alarms-7ddcdb7f98-z72js/bento,3.46,56.25,56.25,17,3498722
heavy,1785522607.73,tf-thingsflow-nats-entity-greptimedb-7ddb8c66c-qc5qv/bento,0.59,35.57,35.57,10,2888231
heavy,1785522607.73,tf-thingsflow-nats-greptimedb-794885cd9f-m74nj/bento,4.18,54.3,54.3,16,5526166
heavy,1785522607.73,tf-thingsflow-nats-latest-kv-7689d8df49-zqrvd/bento,6.83,62.97,62.97,114,17827697
heavy,1785522607.73,tf-thingsflow-postgres-0/postgres,10.55,65.79,140.7,0,0
heavy,1785522607.73,tf-thingsflow-rmqtt-edge-656f4d47f8-lsk5j/rmqtt,1.14,5.31,5.31,0,0
heavy,1785522607.73,tf-thingsflow-thingsboard-ui-b674c86db-qlrb9/thingsboard-ui,0.15,18.97,18.97,0,0
heavy,1785522612.734,tf-thingsflow-alarm-materializer-7d5bcbb5c8-knksg/alarm-materializer,1.64,6.15,6.15,0,0
heavy,1785522612.734,tf-thingsflow-demo-simulator-c47695b89-zfbcg/simulator,3.01,26.49,40.54,51,2354931
heavy,1785522612.734,tf-thingsflow-flow-core-5c45f94d67-vnh5x/flow-core,3.26,12.71,12.71,27,4415444
heavy,1785522612.734,tf-thingsflow-greptimedb-0/greptimedb,1.77,75.2,91.06,0,0
heavy,1785522612.734,tf-thingsflow-http-ingest-57f54c4699-knfkq/envoy,494.97,60.18,60.18,1234,1184942215
heavy,1785522612.734,tf-thingsflow-nats-0/nats,8.88,77.86,120.77,16,652774
heavy,1785522612.734,tf-thingsflow-nats-alarms-7ddcdb7f98-z72js/bento,12.94,56.25,56.25,17,3505325
heavy,1785522612.734,tf-thingsflow-nats-entity-greptimedb-7ddb8c66c-qc5qv/bento,0.49,35.57,35.57,10,2888231
heavy,1785522612.734,tf-thingsflow-nats-greptimedb-794885cd9f-m74nj/bento,4.13,54.3,54.3,16,5526166
heavy,1785522612.734,tf-thingsflow-nats-latest-kv-7689d8df49-zqrvd/bento,7.21,62.98,62.98,114,17827697
heavy,1785522612.734,tf-thingsflow-postgres-0/postgres,7.61,65.79,140.7,0,0
heavy,1785522612.734,tf-thingsflow-rmqtt-edge-656f4d47f8-lsk5j/rmqtt,1.13,5.31,5.31,0,0
heavy,1785522612.734,tf-thingsflow-thingsboard-ui-b674c86db-qlrb9/thingsboard-ui,0.13,18.97,18.97,0,0
heavy,1785522617.739,tf-thingsflow-alarm-materializer-7d5bcbb5c8-knksg/alarm-materializer,1.55,6.15,6.15,0,0
heavy,1785522617.739,tf-thingsflow-demo-simulator-c47695b89-zfbcg/simulator,2.89,26.49,40.54,51,2354931
heavy,1785522617.739,tf-thingsflow-flow-core-5c45f94d67-vnh5x/flow-core,1.68,12.7,12.7,27,4415444
heavy,1785522617.739,tf-thingsflow-greptimedb-0/greptimedb,1.79,75.2,91.07,0,0
heavy,1785522617.739,tf-thingsflow-http-ingest-57f54c4699-knfkq/envoy,28.87,58.39,58.39,1237,1186829297
heavy,1785522617.739,tf-thingsflow-nats-0/nats,8.23,77.87,120.81,16,652774
heavy,1785522617.739,tf-thingsflow-nats-alarms-7ddcdb7f98-z72js/bento,3.36,56.25,56.25,17,3505325
heavy,1785522617.739,tf-thingsflow-nats-entity-greptimedb-7ddb8c66c-qc5qv/bento,0.42,35.57,35.57,10,2888231
heavy,1785522617.739,tf-thingsflow-nats-greptimedb-794885cd9f-m74nj/bento,4.13,54.3,54.3,16,5526166
heavy,1785522617.739,tf-thingsflow-nats-latest-kv-7689d8df49-zqrvd/bento,7.04,62.98,62.98,114,17827697
heavy,1785522617.739,tf-thingsflow-postgres-0/postgres,13.84,65.79,140.7,0,0
heavy,1785522617.739,tf-thingsflow-rmqtt-edge-656f4d47f8-lsk5j/rmqtt,1.16,5.31,5.31,0,0
heavy,1785522617.739,tf-thingsflow-thingsboard-ui-b674c86db-qlrb9/thingsboard-ui,0.13,18.97,18.97,0,0
heavy,1785522622.744,tf-thingsflow-alarm-materializer-7d5bcbb5c8-knksg/alarm-materializer,1.91,6.15,6.15,0,0
heavy,1785522622.744,tf-thingsflow-demo-simulator-c47695b89-zfbcg/simulator,2.97,26.49,40.54,51,2354931
heavy,1785522622.744,tf-thingsflow-flow-core-5c45f94d67-vnh5x/flow-core,1.38,12.7,12.7,27,4415444
heavy,1785522622.744,tf-thingsflow-greptimedb-0/greptimedb,1.8,75.02,90.9,0,0
heavy,1785522622.744,tf-thingsflow-http-ingest-57f54c4699-knfkq/envoy,10.98,58.4,58.4,1237,1186829297
heavy,1785522622.744,tf-thingsflow-nats-0/nats,8.33,77.87,120.86,16,652774
heavy,1785522622.744,tf-thingsflow-nats-alarms-7ddcdb7f98-z72js/bento,4.99,56.26,56.26,17,3505325
heavy,1785522622.744,tf-thingsflow-nats-entity-greptimedb-7ddb8c66c-qc5qv/bento,0.58,35.57,35.57,10,2888231
heavy,1785522622.744,tf-thingsflow-nats-greptimedb-794885cd9f-m74nj/bento,6.37,54.3,54.3,16,5526166
heavy,1785522622.744,tf-thingsflow-nats-latest-kv-7689d8df49-zqrvd/bento,9.11,62.97,62.97,114,17827697
heavy,1785522622.744,tf-thingsflow-postgres-0/postgres,11.46,65.79,140.7,0,0
heavy,1785522622.744,tf-thingsflow-rmqtt-edge-656f4d47f8-lsk5j/rmqtt,0.95,5.31,5.31,0,0
heavy,1785522622.744,tf-thingsflow-thingsboard-ui-b674c86db-qlrb9/thingsboard-ui,0.14,18.97,18.97,0,0
heavy,1785522627.75,tf-thingsflow-alarm-materializer-7d5bcbb5c8-knksg/alarm-materializer,1.64,6.15,6.15,0,0
heavy,1785522627.75,tf-thingsflow-demo-simulator-c47695b89-zfbcg/simulator,3.09,26.49,40.54,51,2354931
heavy,1785522627.75,tf-thingsflow-flow-core-5c45f94d67-vnh5x/flow-core,1.57,12.7,12.7,27,4415444
heavy,1785522627.75,tf-thingsflow-greptimedb-0/greptimedb,1.91,74.02,89.91,0,0
heavy,1785522627.75,tf-thingsflow-http-ingest-57f54c4699-knfkq/envoy,11.77,58.39,58.39,1237,1186829297
heavy,1785522627.75,tf-thingsflow-nats-0/nats,8.31,77.88,120.91,16,652774
heavy,1785522627.75,tf-thingsflow-nats-alarms-7ddcdb7f98-z72js/bento,3.21,56.26,56.26,17,3505325
heavy,1785522627.75,tf-thingsflow-nats-entity-greptimedb-7ddb8c66c-qc5qv/bento,0.38,35.57,35.57,10,2888231
heavy,1785522627.75,tf-thingsflow-nats-greptimedb-794885cd9f-m74nj/bento,4.25,54.3,54.3,16,5526166
heavy,1785522627.75,tf-thingsflow-nats-latest-kv-7689d8df49-zqrvd/bento,7.37,62.97,62.97,114,17827697
heavy,1785522627.75,tf-thingsflow-postgres-0/postgres,12.07,65.79,140.71,0,0
heavy,1785522627.75,tf-thingsflow-rmqtt-edge-656f4d47f8-lsk5j/rmqtt,1.1,5.31,5.31,0,0
heavy,1785522627.75,tf-thingsflow-thingsboard-ui-b674c86db-qlrb9/thingsboard-ui,0.13,18.97,18.97,0,0
heavy,1785522632.754,tf-thingsflow-alarm-materializer-7d5bcbb5c8-knksg/alarm-materializer,3.34,6.14,6.14,0,0
heavy,1785522632.754,tf-thingsflow-demo-simulator-c47695b89-zfbcg/simulator,2.91,26.49,40.54,51,2354931
heavy,1785522632.754,tf-thingsflow-flow-core-5c45f94d67-vnh5x/flow-core,1.3,12.7,12.7,27,4415444
heavy,1785522632.754,tf-thingsflow-greptimedb-0/greptimedb,1.73,74.02,89.93,0,0
heavy,1785522632.754,tf-thingsflow-http-ingest-57f54c4699-knfkq/envoy,12.17,58.4,58.4,1237,1186829297
heavy,1785522632.754,tf-thingsflow-nats-0/nats,9.52,77.9,120.96,16,652774
heavy,1785522632.754,tf-thingsflow-nats-alarms-7ddcdb7f98-z72js/bento,3.12,56.25,56.25,17,3505325
heavy,1785522632.754,tf-thingsflow-nats-entity-greptimedb-7ddb8c66c-qc5qv/bento,0.44,35.57,35.57,10,2888231
heavy,1785522632.754,tf-thingsflow-nats-greptimedb-794885cd9f-m74nj/bento,3.88,54.3,54.3,16,5526166
heavy,1785522632.754,tf-thingsflow-nats-latest-kv-7689d8df49-zqrvd/bento,6.54,62.98,62.98,114,17827697
heavy,1785522632.754,tf-thingsflow-postgres-0/postgres,16.33,65.26,140.18,0,0
heavy,1785522632.754,tf-thingsflow-rmqtt-edge-656f4d47f8-lsk5j/rmqtt,1.0,5.31,5.31,0,0
heavy,1785522632.754,tf-thingsflow-thingsboard-ui-b674c86db-qlrb9/thingsboard-ui,0.13,18.97,18.97,0,0
heavy,1785522637.756,tf-thingsflow-alarm-materializer-7d5bcbb5c8-knksg/alarm-materializer,1.55,6.14,6.14,0,0
heavy,1785522637.756,tf-thingsflow-demo-simulator-c47695b89-zfbcg/simulator,3.7,26.49,40.54,51,2354931
heavy,1785522637.756,tf-thingsflow-flow-core-5c45f94d67-vnh5x/flow-core,1.45,12.71,12.71,27,4415444
heavy,1785522637.756,tf-thingsflow-greptimedb-0/greptimedb,1.75,74.02,89.94,0,0
heavy,1785522637.756,tf-thingsflow-http-ingest-57f54c4699-knfkq/envoy,11.83,58.4,58.4,1237,1186829297
heavy,1785522637.756,tf-thingsflow-nats-0/nats,9.52,77.91,121.01,16,652774
heavy,1785522637.756,tf-thingsflow-nats-alarms-7ddcdb7f98-z72js/bento,3.56,56.26,56.26,17,3505325
heavy,1785522637.756,tf-thingsflow-nats-entity-greptimedb-7ddb8c66c-qc5qv/bento,0.55,35.57,35.57,10,2888231
heavy,1785522637.756,tf-thingsflow-nats-greptimedb-794885cd9f-m74nj/bento,4.04,54.3,54.3,16,5526166
heavy,1785522637.756,tf-thingsflow-nats-latest-kv-7689d8df49-zqrvd/bento,7.19,62.97,62.97,114,17827697
heavy,1785522637.756,tf-thingsflow-postgres-0/postgres,9.22,65.27,140.18,0,0
heavy,1785522637.756,tf-thingsflow-rmqtt-edge-656f4d47f8-lsk5j/rmqtt,1.49,5.3,5.3,0,0
heavy,1785522637.756,tf-thingsflow-thingsboard-ui-b674c86db-qlrb9/thingsboard-ui,0.17,18.97,18.97,0,0
heavy,1785522642.76,tf-thingsflow-alarm-materializer-7d5bcbb5c8-knksg/alarm-materializer,1.39,6.14,6.14,0,0
heavy,1785522642.76,tf-thingsflow-demo-simulator-c47695b89-zfbcg/simulator,2.97,26.49,40.54,51,2354931
heavy,1785522642.76,tf-thingsflow-flow-core-5c45f94d67-vnh5x/flow-core,1.48,12.7,12.7,27,4415444
heavy,1785522642.76,tf-thingsflow-greptimedb-0/greptimedb,1.67,74.03,89.96,0,0
heavy,1785522642.76,tf-thingsflow-http-ingest-57f54c4699-knfkq/envoy,11.21,58.4,58.4,1237,1186829297
heavy,1785522642.76,tf-thingsflow-nats-0/nats,9.52,66.63,109.77,16,652774
heavy,1785522642.76,tf-thingsflow-nats-alarms-7ddcdb7f98-z72js/bento,3.0,56.26,56.26,17,3505325
heavy,1785522642.76,tf-thingsflow-nats-entity-greptimedb-7ddb8c66c-qc5qv/bento,0.45,35.57,35.57,10,2888231
heavy,1785522642.76,tf-thingsflow-nats-greptimedb-794885cd9f-m74nj/bento,3.6,54.3,54.3,16,5526166
heavy,1785522642.76,tf-thingsflow-nats-latest-kv-7689d8df49-zqrvd/bento,6.65,62.97,62.97,114,17827697
heavy,1785522642.76,tf-thingsflow-postgres-0/postgres,10.54,65.27,140.18,0,0
heavy,1785522642.76,tf-thingsflow-rmqtt-edge-656f4d47f8-lsk5j/rmqtt,1.02,5.3,5.3,0,0
heavy,1785522642.76,tf-thingsflow-thingsboard-ui-b674c86db-qlrb9/thingsboard-ui,0.13,18.97,18.97,0,0
heavy,1785522647.766,tf-thingsflow-alarm-materializer-7d5bcbb5c8-knksg/alarm-materializer,1.46,6.14,6.14,0,0
heavy,1785522647.766,tf-thingsflow-demo-simulator-c47695b89-zfbcg/simulator,3.1,26.49,40.54,51,2354931
heavy,1785522647.766,tf-thingsflow-flow-core-5c45f94d67-vnh5x/flow-core,2.73,12.73,12.73,27,4415444
heavy,1785522647.766,tf-thingsflow-greptimedb-0/greptimedb,1.74,74.03,89.96,0,0
heavy,1785522647.766,tf-thingsflow-http-ingest-57f54c4699-knfkq/envoy,12.98,58.39,58.39,1237,1186829297
heavy,1785522647.766,tf-thingsflow-nats-0/nats,9.19,66.64,109.82,16,652774
heavy,1785522647.766,tf-thingsflow-nats-alarms-7ddcdb7f98-z72js/bento,3.28,56.26,56.26,17,3505325
heavy,1785522647.766,tf-thingsflow-nats-entity-greptimedb-7ddb8c66c-qc5qv/bento,0.46,35.57,35.57,10,2888231
heavy,1785522647.766,tf-thingsflow-nats-greptimedb-794885cd9f-m74nj/bento,4.3,54.3,54.3,16,5526166
heavy,1785522647.766,tf-thingsflow-nats-latest-kv-7689d8df49-zqrvd/bento,7.49,62.98,62.98,114,17827697
heavy,1785522647.766,tf-thingsflow-postgres-0/postgres,14.4,65.27,140.18,0,0
heavy,1785522647.766,tf-thingsflow-rmqtt-edge-656f4d47f8-lsk5j/rmqtt,1.02,5.31,5.31,0,0
heavy,1785522647.766,tf-thingsflow-thingsboard-ui-b674c86db-qlrb9/thingsboard-ui,0.13,18.97,18.97,0,0
heavy,1785522652.77,tf-thingsflow-alarm-materializer-7d5bcbb5c8-knksg/alarm-materializer,1.49,6.14,6.14,0,0
heavy,1785522652.77,tf-thingsflow-demo-simulator-c47695b89-zfbcg/simulator,3.01,26.49,40.54,51,2354931
heavy,1785522652.77,tf-thingsflow-flow-core-5c45f94d67-vnh5x/flow-core,1.85,12.71,12.71,27,4415444
heavy,1785522652.77,tf-thingsflow-greptimedb-0/greptimedb,1.7,74.03,89.98,0,0
heavy,1785522652.77,tf-thingsflow-http-ingest-57f54c4699-knfkq/envoy,13.03,58.39,58.39,1237,1186829297
heavy,1785522652.77,tf-thingsflow-nats-0/nats,8.54,66.64,109.86,16,652774
heavy,1785522652.77,tf-thingsflow-nats-alarms-7ddcdb7f98-z72js/bento,3.55,56.26,56.26,17,3505325
heavy,1785522652.77,tf-thingsflow-nats-entity-greptimedb-7ddb8c66c-qc5qv/bento,0.57,35.57,35.57,10,2888231
heavy,1785522652.77,tf-thingsflow-nats-greptimedb-794885cd9f-m74nj/bento,3.97,54.3,54.3,16,5526166
heavy,1785522652.77,tf-thingsflow-nats-latest-kv-7689d8df49-zqrvd/bento,7.03,62.98,62.98,114,17827697
heavy,1785522652.77,tf-thingsflow-postgres-0/postgres,12.58,65.26,140.18,0,0
heavy,1785522652.77,tf-thingsflow-rmqtt-edge-656f4d47f8-lsk5j/rmqtt,1.1,5.31,5.31,0,0
heavy,1785522652.77,tf-thingsflow-thingsboard-ui-b674c86db-qlrb9/thingsboard-ui,0.14,18.97,18.97,0,0
heavy,1785522657.774,tf-thingsflow-alarm-materializer-7d5bcbb5c8-knksg/alarm-materializer,1.66,6.14,6.14,0,0
heavy,1785522657.774,tf-thingsflow-demo-simulator-c47695b89-zfbcg/simulator,3.01,26.49,40.54,51,2354931
heavy,1785522657.774,tf-thingsflow-flow-core-5c45f94d67-vnh5x/flow-core,1.5,12.7,12.7,27,4415444
heavy,1785522657.774,tf-thingsflow-greptimedb-0/greptimedb,1.91,74.03,89.99,0,0
heavy,1785522657.774,tf-thingsflow-http-ingest-57f54c4699-knfkq/envoy,12.6,58.39,58.39,1237,1186829297
heavy,1785522657.774,tf-thingsflow-nats-0/nats,9.79,66.63,109.89,16,652774
heavy,1785522657.774,tf-thingsflow-nats-alarms-7ddcdb7f98-z72js/bento,3.45,56.25,56.25,17,3505325
heavy,1785522657.774,tf-thingsflow-nats-entity-greptimedb-7ddb8c66c-qc5qv/bento,0.41,35.57,35.57,10,2888231
heavy,1785522657.774,tf-thingsflow-nats-greptimedb-794885cd9f-m74nj/bento,4.19,54.3,54.3,16,5526166
heavy,1785522657.774,tf-thingsflow-nats-latest-kv-7689d8df49-zqrvd/bento,7.16,62.98,62.98,114,17827697
heavy,1785522657.774,tf-thingsflow-postgres-0/postgres,10.24,65.27,140.18,0,0
heavy,1785522657.774,tf-thingsflow-rmqtt-edge-656f4d47f8-lsk5j/rmqtt,1.07,5.31,5.31,0,0
heavy,1785522657.774,tf-thingsflow-thingsboard-ui-b674c86db-qlrb9/thingsboard-ui,0.13,18.97,18.97,0,0
